id,received_adjusted,nsb,temperature,device_code,full_moon
148838076,2023-01-07 00:00:08,13.84,26.4,ISTC,Yes
148838110,2023-01-07 00:00:38,15.08,26.4,ISTC,Yes
148838141,2023-01-07 00:01:08,14.7,26.4,ISTC,Yes
148838174,2023-01-07 00:01:38,13.59,26.4,ISTC,Yes
148838205,2023-01-07 00:02:08,13.68,26.4,ISTC,Yes
148838240,2023-01-07 00:02:38,13.62,26.4,ISTC,Yes
148838272,2023-01-07 00:03:08,13.69,26.4,ISTC,Yes
148838304,2023-01-07 00:03:38,13.96,26.4,ISTC,Yes
148838335,2023-01-07 00:04:08,13.73,26.1,ISTC,Yes
148838368,2023-01-07 00:04:38,13.69,26.1,ISTC,Yes
148838400,2023-01-07 00:05:08,13.66,26.1,ISTC,Yes
148838432,2023-01-07 00:05:38,13.92,26.1,ISTC,Yes
148838463,2023-01-07 00:06:08,13.62,26.1,ISTC,Yes
148838497,2023-01-07 00:06:38,13.62,26.1,ISTC,Yes
148838528,2023-01-07 00:07:08,13.61,26.1,ISTC,Yes
148838559,2023-01-07 00:07:38,14.25,26.1,ISTC,Yes
148838593,2023-01-07 00:08:08,13.66,26.1,ISTC,Yes
148838626,2023-01-07 00:08:38,13.69,26.1,ISTC,Yes
148838657,2023-01-07 00:09:08,13.62,26.1,ISTC,Yes
148838690,2023-01-07 00:09:38,13.59,26.1,ISTC,Yes
148838720,2023-01-07 00:10:08,13.58,26.1,ISTC,Yes
148838754,2023-01-07 00:10:38,13.73,26.1,ISTC,Yes
148838785,2023-01-07 00:11:08,13.65,26.1,ISTC,Yes
148838818,2023-01-07 00:11:38,14.53,26.1,ISTC,Yes
148838849,2023-01-07 00:12:08,14.43,26.1,ISTC,Yes
148838882,2023-01-07 00:12:38,14.59,26.1,ISTC,Yes
148838914,2023-01-07 00:13:08,13.57,25.7,ISTC,Yes
148838946,2023-01-07 00:13:38,13.52,26.1,ISTC,Yes
148838977,2023-01-07 00:14:08,13.54,26.1,ISTC,Yes
148839010,2023-01-07 00:14:38,13.55,25.7,ISTC,Yes
148839041,2023-01-07 00:15:08,13.59,26.1,ISTC,Yes
148839073,2023-01-07 00:15:38,13.54,25.7,ISTC,Yes
148839104,2023-01-07 00:16:08,13.7,26.1,ISTC,Yes
148839138,2023-01-07 00:16:38,13.53,26.1,ISTC,Yes
148839169,2023-01-07 00:17:08,13.58,25.7,ISTC,Yes
148839199,2023-01-07 00:17:38,13.83,26.1,ISTC,Yes
148839231,2023-01-07 00:18:08,13.79,25.7,ISTC,Yes
148839264,2023-01-07 00:18:38,13.96,25.7,ISTC,Yes
148839297,2023-01-07 00:19:08,13.95,25.7,ISTC,Yes
148839329,2023-01-07 00:19:38,14.31,25.7,ISTC,Yes
148839360,2023-01-07 00:20:08,14.36,25.7,ISTC,Yes
148839394,2023-01-07 00:20:38,14.21,25.7,ISTC,Yes
148839425,2023-01-07 00:21:08,14.26,25.7,ISTC,Yes
148839458,2023-01-07 00:21:38,14.15,25.7,ISTC,Yes
148839489,2023-01-07 00:22:08,13.55,25.7,ISTC,Yes
148839522,2023-01-07 00:22:38,13.56,25.7,ISTC,Yes
148839554,2023-01-07 00:23:08,13.75,25.4,ISTC,Yes
148839587,2023-01-07 00:23:38,13.66,25.7,ISTC,Yes
148839618,2023-01-07 00:24:08,13.79,25.4,ISTC,Yes
148839650,2023-01-07 00:24:38,13.71,25.4,ISTC,Yes
148839682,2023-01-07 00:25:08,13.73,25.7,ISTC,Yes
148839715,2023-01-07 00:25:38,13.83,25.7,ISTC,Yes
148839747,2023-01-07 00:26:08,13.94,25.7,ISTC,Yes
148839781,2023-01-07 00:26:38,13.76,25.7,ISTC,Yes
148839812,2023-01-07 00:27:08,13.8,25.7,ISTC,Yes
148839843,2023-01-07 00:27:38,13.54,25.7,ISTC,Yes
148839875,2023-01-07 00:28:08,13.88,25.7,ISTC,Yes
148839908,2023-01-07 00:28:38,13.81,25.7,ISTC,Yes
148839939,2023-01-07 00:29:08,13.97,25.7,ISTC,Yes
148839971,2023-01-07 00:29:38,13.66,25.4,ISTC,Yes
148840001,2023-01-07 00:30:08,13.67,25.4,ISTC,Yes
148840035,2023-01-07 00:30:38,13.57,25.4,ISTC,Yes
148840065,2023-01-07 00:31:08,13.58,25.4,ISTC,Yes
148840100,2023-01-07 00:31:38,13.58,25.4,ISTC,Yes
148840131,2023-01-07 00:32:08,13.58,25.4,ISTC,Yes
148840163,2023-01-07 00:32:38,13.59,25.4,ISTC,Yes
148840196,2023-01-07 00:33:08,13.59,25.4,ISTC,Yes
148840228,2023-01-07 00:33:38,13.61,25.4,ISTC,Yes
148840259,2023-01-07 00:34:08,13.61,25.4,ISTC,Yes
148840291,2023-01-07 00:34:38,13.6,25.4,ISTC,Yes
148840324,2023-01-07 00:35:08,13.6,25.1,ISTC,Yes
148840355,2023-01-07 00:35:38,13.6,25.4,ISTC,Yes
148840385,2023-01-07 00:36:08,13.61,25.4,ISTC,Yes
148840422,2023-01-07 00:36:38,13.62,25.4,ISTC,Yes
148840451,2023-01-07 00:37:08,13.62,25.4,ISTC,Yes
148840481,2023-01-07 00:37:38,13.62,25.1,ISTC,Yes
148840516,2023-01-07 00:38:08,13.62,25.4,ISTC,Yes
148840549,2023-01-07 00:38:38,13.62,25.4,ISTC,Yes
148840580,2023-01-07 00:39:08,13.62,25.1,ISTC,Yes
148840614,2023-01-07 00:39:38,13.62,25.1,ISTC,Yes
148840644,2023-01-07 00:40:08,13.63,25.1,ISTC,Yes
148840676,2023-01-07 00:40:38,13.64,25.1,ISTC,Yes
148840706,2023-01-07 00:41:08,13.64,25.1,ISTC,Yes
148840738,2023-01-07 00:41:38,13.64,25.1,ISTC,Yes
148840768,2023-01-07 00:42:08,13.65,25.1,ISTC,Yes
148840800,2023-01-07 00:42:38,13.65,25.1,ISTC,Yes
148840831,2023-01-07 00:43:08,13.65,25.1,ISTC,Yes
148840862,2023-01-07 00:43:38,13.65,25.1,ISTC,Yes
148840893,2023-01-07 00:44:08,13.66,25.1,ISTC,Yes
148840924,2023-01-07 00:44:38,13.66,25.1,ISTC,Yes
148840955,2023-01-07 00:45:08,13.66,25.1,ISTC,Yes
148840997,2023-01-07 00:45:38,13.66,25.1,ISTC,Yes
148841028,2023-01-07 00:46:08,13.67,25.1,ISTC,Yes
148841061,2023-01-07 00:46:38,13.67,25.1,ISTC,Yes
148841091,2023-01-07 00:47:08,13.68,25.1,ISTC,Yes
148841126,2023-01-07 00:47:38,13.69,25.1,ISTC,Yes
148841157,2023-01-07 00:48:08,13.69,25.1,ISTC,Yes
148841191,2023-01-07 00:48:38,13.69,25.1,ISTC,Yes
148841222,2023-01-07 00:49:08,13.69,25.1,ISTC,Yes
148841256,2023-01-07 00:49:38,13.7,25.1,ISTC,Yes
148841287,2023-01-07 00:50:08,13.7,24.8,ISTC,Yes
148841320,2023-01-07 00:50:38,13.71,25.1,ISTC,Yes
148841351,2023-01-07 00:51:08,13.71,25.1,ISTC,Yes
148841384,2023-01-07 00:51:38,13.71,24.8,ISTC,Yes
148841415,2023-01-07 00:52:08,13.72,24.8,ISTC,Yes
148841448,2023-01-07 00:52:38,13.73,24.8,ISTC,Yes
148841480,2023-01-07 00:53:08,13.73,24.8,ISTC,Yes
148841512,2023-01-07 00:53:38,13.73,24.8,ISTC,Yes
148841543,2023-01-07 00:54:08,13.73,24.8,ISTC,Yes
148841577,2023-01-07 00:54:38,13.74,24.8,ISTC,Yes
148841608,2023-01-07 00:55:08,13.74,24.8,ISTC,Yes
148841641,2023-01-07 00:55:38,13.75,24.8,ISTC,Yes
148841672,2023-01-07 00:56:08,13.75,24.8,ISTC,Yes
148841706,2023-01-07 00:56:38,13.76,24.8,ISTC,Yes
148841737,2023-01-07 00:57:08,13.76,24.8,ISTC,Yes
148841769,2023-01-07 00:57:38,13.76,24.8,ISTC,Yes
148841802,2023-01-07 00:58:08,13.77,24.8,ISTC,Yes
148841835,2023-01-07 00:58:38,13.78,24.8,ISTC,Yes
148841866,2023-01-07 00:59:08,13.79,24.8,ISTC,Yes
148841899,2023-01-07 00:59:38,13.8,24.8,ISTC,Yes
148841930,2023-01-07 01:00:08,13.8,24.8,ISTC,Yes
148841965,2023-01-07 01:00:38,13.8,24.8,ISTC,Yes
148841996,2023-01-07 01:01:08,13.81,24.8,ISTC,Yes
148842029,2023-01-07 01:01:38,13.81,24.8,ISTC,Yes
148842061,2023-01-07 01:02:08,13.82,24.8,ISTC,Yes
148842093,2023-01-07 01:02:38,13.83,24.8,ISTC,Yes
148842126,2023-01-07 01:03:08,13.83,24.8,ISTC,Yes
148842157,2023-01-07 01:03:38,13.84,24.8,ISTC,Yes
148842188,2023-01-07 01:04:08,13.85,24.8,ISTC,Yes
148842222,2023-01-07 01:04:38,13.85,24.8,ISTC,Yes
148842253,2023-01-07 01:05:08,13.86,24.8,ISTC,Yes
148842285,2023-01-07 01:05:38,13.87,24.8,ISTC,Yes
148842316,2023-01-07 01:06:08,13.88,24.4,ISTC,Yes
148842351,2023-01-07 01:06:38,13.89,24.8,ISTC,Yes
148842382,2023-01-07 01:07:08,13.9,24.4,ISTC,Yes
148842415,2023-01-07 01:07:38,13.91,24.8,ISTC,Yes
148842447,2023-01-07 01:08:08,13.91,24.8,ISTC,Yes
148842481,2023-01-07 01:08:38,13.92,24.4,ISTC,Yes
148842512,2023-01-07 01:09:08,13.93,24.4,ISTC,Yes
148842545,2023-01-07 01:09:38,13.94,24.4,ISTC,Yes
148842576,2023-01-07 01:10:08,13.95,24.4,ISTC,Yes
148842610,2023-01-07 01:10:38,13.96,24.4,ISTC,Yes
148842642,2023-01-07 01:11:08,13.97,24.4,ISTC,Yes
148842675,2023-01-07 01:11:38,13.97,24.4,ISTC,Yes
148842706,2023-01-07 01:12:08,13.98,24.4,ISTC,Yes
148842739,2023-01-07 01:12:38,13.99,24.4,ISTC,Yes
148842772,2023-01-07 01:13:08,13.99,24.4,ISTC,Yes
148842805,2023-01-07 01:13:38,14.01,24.4,ISTC,Yes
148842836,2023-01-07 01:14:08,14.01,24.4,ISTC,Yes
148842870,2023-01-07 01:14:38,14.02,24.4,ISTC,Yes
148842901,2023-01-07 01:15:08,14.03,24.4,ISTC,Yes
148842934,2023-01-07 01:15:38,14.03,24.4,ISTC,Yes
148842965,2023-01-07 01:16:08,14.05,24.4,ISTC,Yes
148842999,2023-01-07 01:16:38,14.05,24.4,ISTC,Yes
148843030,2023-01-07 01:17:08,14.06,24.1,ISTC,Yes
148843062,2023-01-07 01:17:38,14.08,24.4,ISTC,Yes
148843094,2023-01-07 01:18:08,14.09,24.4,ISTC,Yes
148843127,2023-01-07 01:18:38,14.09,24.4,ISTC,Yes
148843158,2023-01-07 01:19:08,14.11,24.4,ISTC,Yes
148843191,2023-01-07 01:19:38,14.11,24.4,ISTC,Yes
148843222,2023-01-07 01:20:08,14.13,24.1,ISTC,Yes
148843256,2023-01-07 01:20:38,14.14,24.4,ISTC,Yes
148843287,2023-01-07 01:21:08,14.15,24.4,ISTC,Yes
148843320,2023-01-07 01:21:38,14.16,24.4,ISTC,Yes
148843351,2023-01-07 01:22:08,14.18,24.4,ISTC,Yes
148843384,2023-01-07 01:22:38,14.19,24.1,ISTC,Yes
148843416,2023-01-07 01:23:08,14.2,24.1,ISTC,Yes
148843448,2023-01-07 01:23:38,14.21,24.1,ISTC,Yes
148843480,2023-01-07 01:24:08,14.22,24.1,ISTC,Yes
148843514,2023-01-07 01:24:38,14.23,24.4,ISTC,Yes
148843545,2023-01-07 01:25:08,14.24,24.1,ISTC,Yes
148843578,2023-01-07 01:25:38,14.25,24.1,ISTC,Yes
148843609,2023-01-07 01:26:08,14.26,24.1,ISTC,Yes
148843644,2023-01-07 01:26:38,14.27,24.1,ISTC,Yes
148843675,2023-01-07 01:27:08,14.28,24.1,ISTC,Yes
148843706,2023-01-07 01:27:38,14.29,24.1,ISTC,Yes
148843738,2023-01-07 01:28:08,14.29,24.1,ISTC,Yes
148843770,2023-01-07 01:28:38,14.3,24.1,ISTC,Yes
148843801,2023-01-07 01:29:08,14.31,24.1,ISTC,Yes
148843834,2023-01-07 01:29:38,14.33,24.1,ISTC,Yes
148843865,2023-01-07 01:30:08,14.33,24.1,ISTC,Yes
148843898,2023-01-07 01:30:38,14.35,24.1,ISTC,Yes
148843929,2023-01-07 01:31:08,14.36,24.1,ISTC,Yes
148843962,2023-01-07 01:31:38,14.37,24.1,ISTC,Yes
148843994,2023-01-07 01:32:08,14.38,24.1,ISTC,Yes
148844027,2023-01-07 01:32:38,14.39,24.1,ISTC,Yes
148844059,2023-01-07 01:33:08,14.4,24.1,ISTC,Yes
148844090,2023-01-07 01:33:38,14.41,24.1,ISTC,Yes
148844122,2023-01-07 01:34:08,14.41,24.1,ISTC,Yes
148844157,2023-01-07 01:34:38,14.43,24.1,ISTC,Yes
148844188,2023-01-07 01:35:08,14.43,23.8,ISTC,Yes
148844221,2023-01-07 01:35:38,14.45,23.8,ISTC,Yes
148844252,2023-01-07 01:36:08,14.46,24.1,ISTC,Yes
148844286,2023-01-07 01:36:39,14.46,24.1,ISTC,Yes
148844318,2023-01-07 01:37:08,14.47,24.1,ISTC,Yes
148844349,2023-01-07 01:37:38,14.48,24.1,ISTC,Yes
148844381,2023-01-07 01:38:08,14.49,24.1,ISTC,Yes
148844414,2023-01-07 01:38:38,14.5,24.1,ISTC,Yes
148844445,2023-01-07 01:39:08,14.51,24.1,ISTC,Yes
148844478,2023-01-07 01:39:38,14.52,23.8,ISTC,Yes
148844510,2023-01-07 01:40:08,14.52,23.8,ISTC,Yes
148844544,2023-01-07 01:40:38,14.52,23.8,ISTC,Yes
148844576,2023-01-07 01:41:08,14.53,23.8,ISTC,Yes
148844609,2023-01-07 01:41:38,14.55,23.8,ISTC,Yes
148844640,2023-01-07 01:42:08,14.56,23.8,ISTC,Yes
148844673,2023-01-07 01:42:38,14.56,23.8,ISTC,Yes
148844705,2023-01-07 01:43:08,14.57,23.8,ISTC,Yes
148844737,2023-01-07 01:43:38,14.58,23.8,ISTC,Yes
148844768,2023-01-07 01:44:08,14.59,23.8,ISTC,Yes
148844802,2023-01-07 01:44:38,14.61,23.8,ISTC,Yes
148844833,2023-01-07 01:45:08,14.62,23.8,ISTC,Yes
148844866,2023-01-07 01:45:38,14.67,23.8,ISTC,Yes
148844897,2023-01-07 01:46:08,14.67,23.8,ISTC,Yes
148844932,2023-01-07 01:46:39,14.64,23.8,ISTC,Yes
148844962,2023-01-07 01:47:08,14.66,23.8,ISTC,Yes
148844994,2023-01-07 01:47:38,14.71,23.8,ISTC,Yes
148845027,2023-01-07 01:48:08,14.73,23.8,ISTC,Yes
148845059,2023-01-07 01:48:38,14.68,23.5,ISTC,Yes
148845090,2023-01-07 01:49:08,14.74,23.8,ISTC,Yes
148845123,2023-01-07 01:49:38,14.77,23.8,ISTC,Yes
148845154,2023-01-07 01:50:08,14.79,23.8,ISTC,Yes
148845188,2023-01-07 01:50:38,14.78,23.8,ISTC,Yes
148845219,2023-01-07 01:51:08,14.77,23.8,ISTC,Yes
148845252,2023-01-07 01:51:38,14.8,23.8,ISTC,Yes
148845283,2023-01-07 01:52:08,14.81,23.5,ISTC,Yes
148845316,2023-01-07 01:52:38,14.82,23.8,ISTC,Yes
148845348,2023-01-07 01:53:08,14.84,23.8,ISTC,Yes
148845381,2023-01-07 01:53:38,14.85,23.8,ISTC,Yes
148845412,2023-01-07 01:54:08,14.85,23.8,ISTC,Yes
148845446,2023-01-07 01:54:38,14.87,23.8,ISTC,Yes
148845477,2023-01-07 01:55:08,14.87,23.5,ISTC,Yes
148845510,2023-01-07 01:55:38,14.9,23.8,ISTC,Yes
148845542,2023-01-07 01:56:08,14.9,23.8,ISTC,Yes
148845576,2023-01-07 01:56:38,14.92,23.5,ISTC,Yes
148845607,2023-01-07 01:57:08,14.97,23.5,ISTC,Yes
148845639,2023-01-07 01:57:38,14.92,23.5,ISTC,Yes
148845671,2023-01-07 01:58:08,15.01,23.5,ISTC,Yes
148845704,2023-01-07 01:58:38,14.95,23.5,ISTC,Yes
148845736,2023-01-07 01:59:08,15.01,23.5,ISTC,Yes
148845769,2023-01-07 01:59:38,14.98,23.5,ISTC,Yes
148845800,2023-01-07 02:00:08,15.05,23.5,ISTC,Yes
148845834,2023-01-07 02:00:38,15.01,23.5,ISTC,Yes
148845864,2023-01-07 02:01:08,15.03,23.5,ISTC,Yes
148845896,2023-01-07 02:01:38,15.07,23.5,ISTC,Yes
148845926,2023-01-07 02:02:08,15.09,23.5,ISTC,Yes
148845959,2023-01-07 02:02:38,15.1,23.5,ISTC,Yes
148845991,2023-01-07 02:03:08,15.12,23.5,ISTC,Yes
148846023,2023-01-07 02:03:38,15.12,23.5,ISTC,Yes
148846055,2023-01-07 02:04:08,15.15,23.5,ISTC,Yes
148846089,2023-01-07 02:04:38,15.13,23.5,ISTC,Yes
148846120,2023-01-07 02:05:08,15.14,23.5,ISTC,Yes
148846153,2023-01-07 02:05:38,15.16,23.5,ISTC,Yes
148846185,2023-01-07 02:06:08,15.17,23.5,ISTC,Yes
148846219,2023-01-07 02:06:38,15.23,23.5,ISTC,Yes
148846250,2023-01-07 02:07:08,15.25,23.5,ISTC,Yes
148846282,2023-01-07 02:07:38,15.27,23.5,ISTC,Yes
148846314,2023-01-07 02:08:08,15.28,23.5,ISTC,Yes
148846346,2023-01-07 02:08:38,15.3,23.5,ISTC,Yes
148846377,2023-01-07 02:09:08,15.31,23.5,ISTC,Yes
148846409,2023-01-07 02:09:38,15.32,23.5,ISTC,Yes
148846439,2023-01-07 02:10:08,15.35,23.5,ISTC,Yes
148846473,2023-01-07 02:10:38,15.36,23.5,ISTC,Yes
148846504,2023-01-07 02:11:08,15.44,23.5,ISTC,Yes
148846538,2023-01-07 02:11:38,15.45,23.5,ISTC,Yes
148846570,2023-01-07 02:12:08,15.46,23.5,ISTC,Yes
148846602,2023-01-07 02:12:38,15.47,23.5,ISTC,Yes
148846634,2023-01-07 02:13:08,15.5,23.5,ISTC,Yes
148846666,2023-01-07 02:13:38,15.55,23.5,ISTC,Yes
148846697,2023-01-07 02:14:08,15.51,23.5,ISTC,Yes
148846731,2023-01-07 02:14:38,15.52,23.5,ISTC,Yes
148846763,2023-01-07 02:15:08,15.54,23.5,ISTC,Yes
148846796,2023-01-07 02:15:38,15.59,23.5,ISTC,Yes
148846827,2023-01-07 02:16:08,15.6,23.5,ISTC,Yes
148846861,2023-01-07 02:16:38,15.61,23.5,ISTC,Yes
148846892,2023-01-07 02:17:08,15.62,23.5,ISTC,Yes
148846924,2023-01-07 02:17:38,15.68,23.5,ISTC,Yes
148846957,2023-01-07 02:18:08,15.65,23.5,ISTC,Yes
148846991,2023-01-07 02:18:38,15.71,23.5,ISTC,Yes
148847022,2023-01-07 02:19:08,15.71,23.5,ISTC,Yes
148847055,2023-01-07 02:19:38,15.71,23.5,ISTC,Yes
148847086,2023-01-07 02:20:08,15.72,23.5,ISTC,Yes
148847120,2023-01-07 02:20:38,15.73,23.5,ISTC,Yes
148847151,2023-01-07 02:21:08,15.75,23.5,ISTC,Yes
148847184,2023-01-07 02:21:38,15.74,23.5,ISTC,Yes
148847215,2023-01-07 02:22:08,15.77,23.5,ISTC,Yes
148847248,2023-01-07 02:22:38,15.83,23.5,ISTC,Yes
148847280,2023-01-07 02:23:08,15.83,23.5,ISTC,Yes
148847312,2023-01-07 02:23:38,15.84,23.5,ISTC,Yes
148847343,2023-01-07 02:24:08,15.85,23.5,ISTC,Yes
148847377,2023-01-07 02:24:38,15.86,23.2,ISTC,Yes
148847408,2023-01-07 02:25:08,15.92,23.2,ISTC,Yes
148847443,2023-01-07 02:25:38,15.92,23.2,ISTC,Yes
148847474,2023-01-07 02:26:08,15.89,23.2,ISTC,Yes
148847508,2023-01-07 02:26:38,15.95,23.2,ISTC,Yes
148847539,2023-01-07 02:27:08,15.95,23.2,ISTC,Yes
148847571,2023-01-07 02:27:38,15.96,23.2,ISTC,Yes
148847604,2023-01-07 02:28:08,15.97,23.2,ISTC,Yes
148847637,2023-01-07 02:28:38,16.04,23.2,ISTC,Yes
148847668,2023-01-07 02:29:08,16.04,23.2,ISTC,Yes
148847701,2023-01-07 02:29:38,16.11,23.2,ISTC,Yes
148847732,2023-01-07 02:30:08,16.07,23.2,ISTC,Yes
148847766,2023-01-07 02:30:38,16.09,23.2,ISTC,Yes
148847797,2023-01-07 02:31:08,16.14,23.2,ISTC,Yes
148847829,2023-01-07 02:31:38,16.14,23.2,ISTC,Yes
148847860,2023-01-07 02:32:08,16.15,23.2,ISTC,Yes
148847893,2023-01-07 02:32:38,16.2,23.2,ISTC,Yes
148847925,2023-01-07 02:33:08,16.21,23.2,ISTC,Yes
148847957,2023-01-07 02:33:38,16.22,23.2,ISTC,Yes
148847988,2023-01-07 02:34:08,16.23,23.2,ISTC,Yes
148848022,2023-01-07 02:34:38,16.27,23.2,ISTC,Yes
148848053,2023-01-07 02:35:08,16.28,23.2,ISTC,Yes
148848086,2023-01-07 02:35:38,16.29,23.2,ISTC,Yes
148848118,2023-01-07 02:36:08,16.33,23.2,ISTC,Yes
148848152,2023-01-07 02:36:38,16.3,23.2,ISTC,Yes
148848183,2023-01-07 02:37:08,16.34,23.2,ISTC,Yes
148848215,2023-01-07 02:37:38,16.32,23.2,ISTC,Yes
148848248,2023-01-07 02:38:08,16.36,23.2,ISTC,Yes
148848281,2023-01-07 02:38:38,16.37,23.2,ISTC,Yes
148848312,2023-01-07 02:39:08,16.41,23.2,ISTC,Yes
148848345,2023-01-07 02:39:38,16.42,23.2,ISTC,Yes
148848376,2023-01-07 02:40:08,16.43,23.2,ISTC,Yes
148848410,2023-01-07 02:40:38,16.48,23.2,ISTC,Yes
148848441,2023-01-07 02:41:08,16.47,23.2,ISTC,Yes
148848474,2023-01-07 02:41:38,16.49,23.2,ISTC,Yes
148848505,2023-01-07 02:42:08,16.49,23.2,ISTC,Yes
148848538,2023-01-07 02:42:38,16.54,23.2,ISTC,Yes
148848570,2023-01-07 02:43:08,16.58,22.8,ISTC,Yes
148848602,2023-01-07 02:43:39,16.59,23.2,ISTC,Yes
148848635,2023-01-07 02:44:08,16.59,23.2,ISTC,Yes
148848669,2023-01-07 02:44:38,16.6,23.2,ISTC,Yes
148848701,2023-01-07 02:45:08,16.61,22.8,ISTC,Yes
148848734,2023-01-07 02:45:38,16.65,22.8,ISTC,Yes
148848765,2023-01-07 02:46:08,16.65,22.8,ISTC,Yes
148848800,2023-01-07 02:46:38,16.69,22.8,ISTC,Yes
148848831,2023-01-07 02:47:09,16.66,22.8,ISTC,Yes
148848863,2023-01-07 02:47:38,16.7,23.2,ISTC,Yes
148848895,2023-01-07 02:48:08,16.74,22.8,ISTC,Yes
148848927,2023-01-07 02:48:38,16.74,22.8,ISTC,Yes
148848958,2023-01-07 02:49:08,16.75,22.8,ISTC,Yes
148848991,2023-01-07 02:49:38,16.76,22.8,ISTC,Yes
148849022,2023-01-07 02:50:08,16.79,22.8,ISTC,Yes
148849056,2023-01-07 02:50:38,16.79,22.8,ISTC,Yes
148849087,2023-01-07 02:51:08,16.84,22.8,ISTC,Yes
148849120,2023-01-07 02:51:38,16.84,22.8,ISTC,Yes
148849153,2023-01-07 02:52:08,16.84,22.8,ISTC,Yes
148849185,2023-01-07 02:52:38,16.85,22.8,ISTC,Yes
148849217,2023-01-07 02:53:08,16.88,22.8,ISTC,Yes
148849248,2023-01-07 02:53:38,16.89,22.8,ISTC,Yes
148849278,2023-01-07 02:54:08,16.91,22.8,ISTC,Yes
148849311,2023-01-07 02:54:38,16.9,22.8,ISTC,Yes
148849341,2023-01-07 02:55:08,16.93,22.8,ISTC,Yes
148849372,2023-01-07 02:55:38,16.95,22.8,ISTC,Yes
148849408,2023-01-07 02:56:08,16.96,22.8,ISTC,Yes
148849442,2023-01-07 02:56:38,16.96,22.8,ISTC,Yes
148849474,2023-01-07 02:57:09,16.98,22.8,ISTC,Yes
148849506,2023-01-07 02:57:38,17.0,22.8,ISTC,Yes
148849538,2023-01-07 02:58:08,17.0,22.8,ISTC,Yes
148849572,2023-01-07 02:58:38,17.02,22.8,ISTC,Yes
148849604,2023-01-07 02:59:08,17.02,22.8,ISTC,Yes
148849637,2023-01-07 02:59:38,17.01,22.8,ISTC,Yes
148849668,2023-01-07 03:00:08,17.03,22.8,ISTC,Yes
148849702,2023-01-07 03:00:39,17.04,22.8,ISTC,Yes
148849733,2023-01-07 03:01:08,17.07,22.8,ISTC,Yes
148849766,2023-01-07 03:01:38,17.07,22.8,ISTC,Yes
148849797,2023-01-07 03:02:08,17.1,22.8,ISTC,Yes
148849831,2023-01-07 03:02:38,17.11,22.8,ISTC,Yes
148849863,2023-01-07 03:03:08,17.14,22.8,ISTC,Yes
148849895,2023-01-07 03:03:38,17.14,22.8,ISTC,Yes
148849926,2023-01-07 03:04:08,17.14,22.8,ISTC,Yes
148849960,2023-01-07 03:04:38,17.17,22.8,ISTC,Yes
148849992,2023-01-07 03:05:08,17.18,22.8,ISTC,Yes
148850024,2023-01-07 03:05:38,17.2,22.8,ISTC,Yes
148850054,2023-01-07 03:06:08,17.2,22.8,ISTC,Yes
148850090,2023-01-07 03:06:38,17.21,22.8,ISTC,Yes
148850121,2023-01-07 03:07:08,17.24,22.8,ISTC,Yes
148850153,2023-01-07 03:07:38,17.24,22.8,ISTC,Yes
148850186,2023-01-07 03:08:08,17.26,22.8,ISTC,Yes
148850219,2023-01-07 03:08:38,17.29,22.8,ISTC,Yes
148850250,2023-01-07 03:09:08,17.3,22.8,ISTC,Yes
148850283,2023-01-07 03:09:38,17.32,22.8,ISTC,Yes
148850314,2023-01-07 03:10:08,17.33,22.8,ISTC,Yes
148850347,2023-01-07 03:10:39,17.35,22.8,ISTC,Yes
148850378,2023-01-07 03:11:09,17.36,22.8,ISTC,Yes
148850410,2023-01-07 03:11:38,17.4,22.8,ISTC,Yes
148850441,2023-01-07 03:12:08,17.41,22.8,ISTC,Yes
148850473,2023-01-07 03:12:38,17.41,22.8,ISTC,Yes
148850506,2023-01-07 03:13:08,17.44,22.8,ISTC,Yes
148850537,2023-01-07 03:13:38,17.46,22.8,ISTC,Yes
148850567,2023-01-07 03:14:09,17.49,22.8,ISTC,Yes
148850602,2023-01-07 03:14:38,17.51,22.8,ISTC,Yes
148850633,2023-01-07 03:15:08,17.53,22.8,ISTC,Yes
148850666,2023-01-07 03:15:38,17.55,22.8,ISTC,Yes
148850698,2023-01-07 03:16:09,17.57,22.8,ISTC,Yes
148850732,2023-01-07 03:16:39,17.59,22.8,ISTC,Yes
148850763,2023-01-07 03:17:08,17.6,22.8,ISTC,Yes
148850795,2023-01-07 03:17:38,17.62,22.8,ISTC,Yes
148850827,2023-01-07 03:18:09,17.64,22.8,ISTC,Yes
148850860,2023-01-07 03:18:38,17.64,22.8,ISTC,Yes
148850891,2023-01-07 03:19:09,17.67,22.8,ISTC,Yes
148850924,2023-01-07 03:19:38,17.68,22.8,ISTC,Yes
148850955,2023-01-07 03:20:09,17.7,22.5,ISTC,Yes
148850989,2023-01-07 03:20:38,17.7,22.8,ISTC,Yes
148851021,2023-01-07 03:21:08,17.71,22.8,ISTC,Yes
148851055,2023-01-07 03:21:38,17.73,22.5,ISTC,Yes
148851086,2023-01-07 03:22:08,17.72,22.5,ISTC,Yes
148851118,2023-01-07 03:22:38,17.74,22.5,ISTC,Yes
148851151,2023-01-07 03:23:08,17.75,22.8,ISTC,Yes
148851183,2023-01-07 03:23:38,17.75,22.5,ISTC,Yes
148851213,2023-01-07 03:24:09,17.77,22.8,ISTC,Yes
148851247,2023-01-07 03:24:38,17.79,22.5,ISTC,Yes
148851278,2023-01-07 03:25:09,17.78,22.5,ISTC,Yes
148851311,2023-01-07 03:25:39,17.79,22.8,ISTC,Yes
148851342,2023-01-07 03:26:09,17.79,22.5,ISTC,Yes
148851375,2023-01-07 03:26:39,17.81,22.5,ISTC,Yes
148851406,2023-01-07 03:27:09,17.82,22.5,ISTC,Yes
148851438,2023-01-07 03:27:38,17.84,22.5,ISTC,Yes
148851470,2023-01-07 03:28:08,17.85,22.5,ISTC,Yes
148851502,2023-01-07 03:28:38,17.86,22.5,ISTC,Yes
148851534,2023-01-07 03:29:08,17.87,22.5,ISTC,Yes
148851566,2023-01-07 03:29:39,17.88,22.5,ISTC,Yes
148851598,2023-01-07 03:30:08,17.89,22.5,ISTC,Yes
148851632,2023-01-07 03:30:38,17.89,22.5,ISTC,Yes
148851663,2023-01-07 03:31:09,17.89,22.5,ISTC,Yes
148851696,2023-01-07 03:31:39,17.91,22.5,ISTC,Yes
148851727,2023-01-07 03:32:08,17.92,22.5,ISTC,Yes
148851759,2023-01-07 03:32:39,17.93,22.5,ISTC,Yes
148851791,2023-01-07 03:33:08,17.94,22.5,ISTC,Yes
148851822,2023-01-07 03:33:38,17.93,22.5,ISTC,Yes
148851854,2023-01-07 03:34:08,17.94,22.5,ISTC,Yes
148851887,2023-01-07 03:34:38,17.94,22.5,ISTC,Yes
148851919,2023-01-07 03:35:08,17.96,22.5,ISTC,Yes
148851951,2023-01-07 03:35:38,17.97,22.5,ISTC,Yes
148851983,2023-01-07 03:36:09,17.97,22.5,ISTC,Yes
148852017,2023-01-07 03:36:38,17.99,22.5,ISTC,Yes
148852049,2023-01-07 03:37:08,17.99,22.5,ISTC,Yes
148852081,2023-01-07 03:37:39,17.99,22.5,ISTC,Yes
148852113,2023-01-07 03:38:09,18.01,22.5,ISTC,Yes
148852146,2023-01-07 03:38:39,18.02,22.5,ISTC,Yes
148852177,2023-01-07 03:39:09,18.02,22.5,ISTC,Yes
148852211,2023-01-07 03:39:39,18.02,22.5,ISTC,Yes
148852242,2023-01-07 03:40:09,18.03,22.5,ISTC,Yes
148852276,2023-01-07 03:40:38,18.03,22.5,ISTC,Yes
148852306,2023-01-07 03:41:08,18.04,22.5,ISTC,Yes
148852340,2023-01-07 03:41:39,18.04,22.5,ISTC,Yes
148852371,2023-01-07 03:42:09,18.06,22.5,ISTC,Yes
148852403,2023-01-07 03:42:38,18.06,22.5,ISTC,Yes
148852436,2023-01-07 03:43:09,18.06,22.5,ISTC,Yes
148852468,2023-01-07 03:43:39,18.06,22.5,ISTC,Yes
148852498,2023-01-07 03:44:09,18.08,22.5,ISTC,Yes
148852531,2023-01-07 03:44:39,18.08,22.5,ISTC,Yes
148852562,2023-01-07 03:45:08,18.09,22.5,ISTC,Yes
148852597,2023-01-07 03:45:39,18.09,22.5,ISTC,Yes
148852627,2023-01-07 03:46:09,18.09,22.5,ISTC,Yes
148852661,2023-01-07 03:46:39,18.09,22.5,ISTC,Yes
148852693,2023-01-07 03:47:09,18.1,22.5,ISTC,Yes
148852726,2023-01-07 03:47:39,18.1,22.5,ISTC,Yes
148852758,2023-01-07 03:48:09,18.11,22.5,ISTC,Yes
148852790,2023-01-07 03:48:39,18.11,22.5,ISTC,Yes
148852821,2023-01-07 03:49:08,18.12,22.5,ISTC,Yes
148852854,2023-01-07 03:49:38,18.12,22.5,ISTC,Yes
148852885,2023-01-07 03:50:08,18.13,22.5,ISTC,Yes
148852919,2023-01-07 03:50:38,18.13,22.5,ISTC,Yes
148852950,2023-01-07 03:51:08,18.13,22.5,ISTC,Yes
148852983,2023-01-07 03:51:39,18.14,22.5,ISTC,Yes
148853014,2023-01-07 03:52:09,18.14,22.5,ISTC,Yes
148853046,2023-01-07 03:52:39,18.14,22.5,ISTC,Yes
148853079,2023-01-07 03:53:09,18.14,22.5,ISTC,Yes
148853111,2023-01-07 03:53:39,18.16,22.5,ISTC,Yes
148853141,2023-01-07 03:54:09,18.16,22.5,ISTC,Yes
148853175,2023-01-07 03:54:39,18.18,22.5,ISTC,Yes
148853206,2023-01-07 03:55:09,18.17,22.5,ISTC,Yes
148853239,2023-01-07 03:55:38,18.18,22.5,ISTC,Yes
148853271,2023-01-07 03:56:09,18.19,22.5,ISTC,Yes
148853304,2023-01-07 03:56:39,18.19,22.5,ISTC,Yes
148853335,2023-01-07 03:57:09,18.19,22.5,ISTC,Yes
148853367,2023-01-07 03:57:39,18.19,22.5,ISTC,Yes
148853401,2023-01-07 03:58:09,18.21,22.5,ISTC,Yes
148853433,2023-01-07 03:58:39,18.22,22.5,ISTC,Yes
148853464,2023-01-07 03:59:09,18.22,22.5,ISTC,Yes
148853497,2023-01-07 03:59:39,18.23,22.5,ISTC,Yes
148853528,2023-01-07 04:00:09,18.24,22.5,ISTC,Yes
148853563,2023-01-07 04:00:39,18.24,22.5,ISTC,Yes
148853595,2023-01-07 04:01:08,18.24,22.5,ISTC,Yes
148853628,2023-01-07 04:01:39,18.24,22.5,ISTC,Yes
148853659,2023-01-07 04:02:09,18.25,22.5,ISTC,Yes
148853692,2023-01-07 04:02:39,18.26,22.5,ISTC,Yes
148853724,2023-01-07 04:03:09,18.26,22.5,ISTC,Yes
148853755,2023-01-07 04:03:39,18.26,22.5,ISTC,Yes
148853786,2023-01-07 04:04:09,18.25,22.5,ISTC,Yes
148853820,2023-01-07 04:04:39,18.26,22.5,ISTC,Yes
148853851,2023-01-07 04:05:09,18.27,22.5,ISTC,Yes
148853884,2023-01-07 04:05:39,18.27,22.5,ISTC,Yes
148853916,2023-01-07 04:06:09,18.28,22.5,ISTC,Yes
148853950,2023-01-07 04:06:39,18.29,22.5,ISTC,Yes
148853981,2023-01-07 04:07:09,18.28,22.5,ISTC,Yes
148854013,2023-01-07 04:07:39,18.29,22.2,ISTC,Yes
148854046,2023-01-07 04:08:09,18.29,22.5,ISTC,Yes
148854080,2023-01-07 04:08:39,18.29,22.5,ISTC,Yes
148854111,2023-01-07 04:09:09,18.31,22.5,ISTC,Yes
148854145,2023-01-07 04:09:39,18.31,22.5,ISTC,Yes
148854176,2023-01-07 04:10:09,18.31,22.5,ISTC,Yes
148854210,2023-01-07 04:10:39,18.33,22.5,ISTC,Yes
148854241,2023-01-07 04:11:09,18.33,22.5,ISTC,Yes
148854274,2023-01-07 04:11:39,18.33,22.5,ISTC,Yes
148854305,2023-01-07 04:12:09,18.33,22.5,ISTC,Yes
148854338,2023-01-07 04:12:39,18.33,22.5,ISTC,Yes
148854370,2023-01-07 04:13:09,18.33,22.5,ISTC,Yes
148854402,2023-01-07 04:13:39,18.34,22.5,ISTC,Yes
148854434,2023-01-07 04:14:09,18.35,22.5,ISTC,Yes
148854467,2023-01-07 04:14:39,18.36,22.5,ISTC,Yes
148854499,2023-01-07 04:15:09,18.36,22.5,ISTC,Yes
148854532,2023-01-07 04:15:39,18.36,22.5,ISTC,Yes
148854563,2023-01-07 04:16:09,18.36,22.5,ISTC,Yes
148854599,2023-01-07 04:16:39,18.37,22.2,ISTC,Yes
148854630,2023-01-07 04:17:09,18.37,22.2,ISTC,Yes
148854662,2023-01-07 04:17:39,18.37,22.2,ISTC,Yes
148854693,2023-01-07 04:18:09,18.37,22.5,ISTC,Yes
148854725,2023-01-07 04:18:39,18.37,22.2,ISTC,Yes
148854756,2023-01-07 04:19:09,18.37,22.2,ISTC,Yes
148854789,2023-01-07 04:19:39,18.38,22.2,ISTC,Yes
148854820,2023-01-07 04:20:09,18.38,22.2,ISTC,Yes
148854854,2023-01-07 04:20:39,18.39,22.2,ISTC,Yes
148854885,2023-01-07 04:21:09,18.39,22.2,ISTC,Yes
148854917,2023-01-07 04:21:39,18.4,22.2,ISTC,Yes
148854949,2023-01-07 04:22:09,18.39,22.2,ISTC,Yes
148854982,2023-01-07 04:22:39,18.4,22.2,ISTC,Yes
148855014,2023-01-07 04:23:09,18.4,22.2,ISTC,Yes
148855047,2023-01-07 04:23:39,18.41,22.2,ISTC,Yes
148855078,2023-01-07 04:24:09,18.41,22.2,ISTC,Yes
148855111,2023-01-07 04:24:39,18.41,22.2,ISTC,Yes
148855142,2023-01-07 04:25:09,18.41,22.2,ISTC,Yes
148855175,2023-01-07 04:25:39,18.41,22.2,ISTC,Yes
148855206,2023-01-07 04:26:09,18.42,22.2,ISTC,Yes
148855239,2023-01-07 04:26:39,18.41,22.2,ISTC,Yes
148855269,2023-01-07 04:27:09,18.41,22.2,ISTC,Yes
148855301,2023-01-07 04:27:39,18.41,22.2,ISTC,Yes
148855333,2023-01-07 04:28:09,18.41,22.2,ISTC,Yes
148855366,2023-01-07 04:28:39,18.42,22.2,ISTC,Yes
148855397,2023-01-07 04:29:09,18.43,22.2,ISTC,Yes
148855431,2023-01-07 04:29:39,18.42,22.2,ISTC,Yes
148855463,2023-01-07 04:30:09,18.4,22.2,ISTC,Yes
148855498,2023-01-07 04:30:39,18.4,22.2,ISTC,Yes
148855529,2023-01-07 04:31:09,18.4,22.2,ISTC,Yes
148855562,2023-01-07 04:31:39,18.42,22.2,ISTC,Yes
148855594,2023-01-07 04:32:09,18.42,22.2,ISTC,Yes
148855627,2023-01-07 04:32:39,18.44,22.2,ISTC,Yes
148855659,2023-01-07 04:33:09,18.44,22.2,ISTC,Yes
148855691,2023-01-07 04:33:39,18.45,22.2,ISTC,Yes
148855722,2023-01-07 04:34:09,18.46,22.2,ISTC,Yes
148855756,2023-01-07 04:34:39,18.46,22.2,ISTC,Yes
148855787,2023-01-07 04:35:09,18.46,22.2,ISTC,Yes
148855820,2023-01-07 04:35:39,18.46,22.2,ISTC,Yes
148855851,2023-01-07 04:36:09,18.46,22.2,ISTC,Yes
148855885,2023-01-07 04:36:39,18.46,22.2,ISTC,Yes
148855917,2023-01-07 04:37:09,18.47,22.2,ISTC,Yes
148855949,2023-01-07 04:37:39,18.47,22.2,ISTC,Yes
148855981,2023-01-07 04:38:09,18.47,22.2,ISTC,Yes
148856012,2023-01-07 04:38:39,18.48,22.2,ISTC,Yes
148856044,2023-01-07 04:39:09,18.48,22.2,ISTC,Yes
148856077,2023-01-07 04:39:39,18.47,22.2,ISTC,Yes
148856108,2023-01-07 04:40:09,18.47,22.2,ISTC,Yes
148856142,2023-01-07 04:40:39,18.48,22.2,ISTC,Yes
148856173,2023-01-07 04:41:09,18.49,22.2,ISTC,Yes
148856206,2023-01-07 04:41:39,18.5,22.2,ISTC,Yes
148856237,2023-01-07 04:42:09,18.5,22.2,ISTC,Yes
148856271,2023-01-07 04:42:39,18.5,22.2,ISTC,Yes
148856303,2023-01-07 04:43:09,18.5,22.2,ISTC,Yes
148856335,2023-01-07 04:43:39,18.5,22.2,ISTC,Yes
148856366,2023-01-07 04:44:09,18.5,22.2,ISTC,Yes
148856400,2023-01-07 04:44:39,18.5,22.2,ISTC,Yes
148856432,2023-01-07 04:45:09,18.51,22.2,ISTC,Yes
148856465,2023-01-07 04:45:39,18.51,22.2,ISTC,Yes
148856497,2023-01-07 04:46:09,18.51,22.2,ISTC,Yes
148856531,2023-01-07 04:46:39,18.51,22.2,ISTC,Yes
148856562,2023-01-07 04:47:09,18.52,22.2,ISTC,Yes
148856595,2023-01-07 04:47:39,18.52,22.2,ISTC,Yes
148856628,2023-01-07 04:48:09,18.52,22.2,ISTC,Yes
148856661,2023-01-07 04:48:39,18.52,22.2,ISTC,Yes
148856692,2023-01-07 04:49:09,18.53,22.2,ISTC,Yes
148856725,2023-01-07 04:49:39,18.53,22.2,ISTC,Yes
148856757,2023-01-07 04:50:09,18.53,22.2,ISTC,Yes
148856791,2023-01-07 04:50:39,18.53,22.2,ISTC,Yes
148856822,2023-01-07 04:51:09,18.53,22.2,ISTC,Yes
148856855,2023-01-07 04:51:39,18.53,22.2,ISTC,Yes
148856886,2023-01-07 04:52:09,18.55,22.2,ISTC,Yes
148856919,2023-01-07 04:52:39,18.55,22.2,ISTC,Yes
148856952,2023-01-07 04:53:09,18.55,22.2,ISTC,Yes
148856984,2023-01-07 04:53:39,18.56,22.2,ISTC,Yes
148857015,2023-01-07 04:54:09,18.56,22.2,ISTC,Yes
148857049,2023-01-07 04:54:39,18.56,22.2,ISTC,Yes
148857081,2023-01-07 04:55:09,18.56,22.2,ISTC,Yes
148857115,2023-01-07 04:55:39,18.56,22.2,ISTC,Yes
148857146,2023-01-07 04:56:09,18.56,22.2,ISTC,Yes
148857179,2023-01-07 04:56:39,18.56,22.2,ISTC,Yes
148857210,2023-01-07 04:57:09,18.56,22.2,ISTC,Yes
148857243,2023-01-07 04:57:39,18.56,22.2,ISTC,Yes
148857275,2023-01-07 04:58:09,18.57,22.2,ISTC,Yes
148857307,2023-01-07 04:58:39,18.57,22.2,ISTC,Yes
148857338,2023-01-07 04:59:09,18.58,22.2,ISTC,Yes
148857371,2023-01-07 04:59:39,18.57,22.2,ISTC,Yes
148857403,2023-01-07 05:00:09,18.58,22.2,ISTC,Yes
148857436,2023-01-07 05:00:39,18.58,22.2,ISTC,Yes
148857468,2023-01-07 05:01:09,18.58,22.2,ISTC,Yes
148857501,2023-01-07 05:01:39,18.58,22.2,ISTC,Yes
148857532,2023-01-07 05:02:09,18.58,22.2,ISTC,Yes
148857564,2023-01-07 05:02:39,18.58,22.2,ISTC,Yes
148857596,2023-01-07 05:03:09,18.59,22.2,ISTC,Yes
148857626,2023-01-07 05:03:39,18.59,22.2,ISTC,Yes
148857659,2023-01-07 05:04:09,18.59,22.2,ISTC,Yes
148857693,2023-01-07 05:04:39,18.6,22.2,ISTC,Yes
148857725,2023-01-07 05:05:09,18.6,22.2,ISTC,Yes
148857758,2023-01-07 05:05:39,18.61,22.2,ISTC,Yes
148857789,2023-01-07 05:06:09,18.61,22.2,ISTC,Yes
148857822,2023-01-07 05:06:39,18.62,22.2,ISTC,Yes
148857854,2023-01-07 05:07:09,18.62,22.2,ISTC,Yes
148857887,2023-01-07 05:07:39,18.61,22.2,ISTC,Yes
148857919,2023-01-07 05:08:09,18.61,22.2,ISTC,Yes
148857952,2023-01-07 05:08:39,18.62,22.2,ISTC,Yes
148857984,2023-01-07 05:09:09,18.62,22.2,ISTC,Yes
148858017,2023-01-07 05:09:39,18.62,22.2,ISTC,Yes
148858049,2023-01-07 05:10:09,18.62,22.2,ISTC,Yes
148858083,2023-01-07 05:10:39,18.62,22.2,ISTC,Yes
148858114,2023-01-07 05:11:09,18.62,22.2,ISTC,Yes
148858147,2023-01-07 05:11:39,18.63,22.2,ISTC,Yes
148858178,2023-01-07 05:12:09,18.63,22.2,ISTC,Yes
148858211,2023-01-07 05:12:39,18.63,22.2,ISTC,Yes
148858243,2023-01-07 05:13:09,18.64,22.2,ISTC,Yes
148858275,2023-01-07 05:13:39,18.65,22.2,ISTC,Yes
148858307,2023-01-07 05:14:09,18.65,22.2,ISTC,Yes
148858341,2023-01-07 05:14:39,18.65,22.2,ISTC,Yes
148858373,2023-01-07 05:15:09,18.65,22.2,ISTC,Yes
148858406,2023-01-07 05:15:39,18.65,22.2,ISTC,Yes
148858437,2023-01-07 05:16:09,18.66,22.2,ISTC,Yes
148858471,2023-01-07 05:16:39,18.67,22.2,ISTC,Yes
148858501,2023-01-07 05:17:09,18.68,22.2,ISTC,Yes
148858533,2023-01-07 05:17:39,18.68,22.2,ISTC,Yes
148858566,2023-01-07 05:18:09,18.68,21.9,ISTC,Yes
148858599,2023-01-07 05:18:39,18.68,21.9,ISTC,Yes
148858630,2023-01-07 05:19:09,18.69,21.9,ISTC,Yes
148858663,2023-01-07 05:19:39,18.7,21.9,ISTC,Yes
148858695,2023-01-07 05:20:09,18.7,22.2,ISTC,Yes
148858729,2023-01-07 05:20:39,18.7,21.9,ISTC,Yes
148858760,2023-01-07 05:21:09,18.71,21.9,ISTC,Yes
148858793,2023-01-07 05:21:39,18.71,21.9,ISTC,Yes
148858823,2023-01-07 05:22:09,18.71,21.9,ISTC,Yes
148858858,2023-01-07 05:22:39,18.71,21.9,ISTC,Yes
148858890,2023-01-07 05:23:09,18.71,21.9,ISTC,Yes
148858922,2023-01-07 05:23:39,18.71,21.9,ISTC,Yes
148858953,2023-01-07 05:24:09,18.72,21.9,ISTC,Yes
148858986,2023-01-07 05:24:39,18.72,21.9,ISTC,Yes
148859018,2023-01-07 05:25:09,18.72,21.9,ISTC,Yes
148859050,2023-01-07 05:25:39,18.73,21.9,ISTC,Yes
148859082,2023-01-07 05:26:09,18.74,21.9,ISTC,Yes
148859116,2023-01-07 05:26:39,18.74,21.9,ISTC,Yes
148859147,2023-01-07 05:27:09,18.74,21.9,ISTC,Yes
148859179,2023-01-07 05:27:39,18.74,21.9,ISTC,Yes
148859211,2023-01-07 05:28:09,18.74,21.9,ISTC,Yes
148859244,2023-01-07 05:28:39,18.75,21.9,ISTC,Yes
148859274,2023-01-07 05:29:09,18.75,21.9,ISTC,Yes
148859306,2023-01-07 05:29:39,18.76,21.9,ISTC,Yes
148905124,2023-01-07 18:00:09,7.44,28.0,ISTC,Yes
148905160,2023-01-07 18:00:39,7.5,28.0,ISTC,Yes
148905193,2023-01-07 18:01:09,7.56,27.7,ISTC,Yes
148905227,2023-01-07 18:01:39,7.61,27.7,ISTC,Yes
148905260,2023-01-07 18:02:09,7.67,27.7,ISTC,Yes
148905295,2023-01-07 18:02:39,7.73,27.7,ISTC,Yes
148905328,2023-01-07 18:03:09,7.78,27.7,ISTC,Yes
148905363,2023-01-07 18:03:39,7.85,27.7,ISTC,Yes
148905396,2023-01-07 18:04:09,7.91,27.7,ISTC,Yes
148905432,2023-01-07 18:04:39,7.97,27.7,ISTC,Yes
148905466,2023-01-07 18:05:09,8.04,27.7,ISTC,Yes
148905500,2023-01-07 18:05:39,8.11,27.7,ISTC,Yes
148905532,2023-01-07 18:06:09,8.18,27.7,ISTC,Yes
148905568,2023-01-07 18:06:39,8.26,27.7,ISTC,Yes
148905600,2023-01-07 18:07:09,8.33,27.7,ISTC,Yes
148905635,2023-01-07 18:07:39,8.41,27.7,ISTC,Yes
148905669,2023-01-07 18:08:09,8.49,27.3,ISTC,Yes
148905704,2023-01-07 18:08:39,8.57,27.3,ISTC,Yes
148905736,2023-01-07 18:09:09,8.65,27.3,ISTC,Yes
148905771,2023-01-07 18:09:39,8.74,27.3,ISTC,Yes
148905806,2023-01-07 18:10:09,8.83,27.3,ISTC,Yes
148905842,2023-01-07 18:10:39,8.91,27.3,ISTC,Yes
148905874,2023-01-07 18:11:09,9.01,27.3,ISTC,Yes
148905909,2023-01-07 18:11:39,9.1,27.3,ISTC,Yes
148905943,2023-01-07 18:12:09,9.2,27.3,ISTC,Yes
148905978,2023-01-07 18:12:39,9.3,27.3,ISTC,Yes
148906012,2023-01-07 18:13:09,9.41,27.3,ISTC,Yes
148906046,2023-01-07 18:13:39,9.52,27.3,ISTC,Yes
148906079,2023-01-07 18:14:09,9.63,27.0,ISTC,Yes
148906115,2023-01-07 18:14:39,9.75,27.3,ISTC,Yes
148906148,2023-01-07 18:15:09,9.88,27.0,ISTC,Yes
148906183,2023-01-07 18:15:39,9.99,27.0,ISTC,Yes
148906216,2023-01-07 18:16:09,10.12,27.0,ISTC,Yes
148906251,2023-01-07 18:16:39,10.25,27.0,ISTC,Yes
148906284,2023-01-07 18:17:09,10.38,27.0,ISTC,Yes
148906318,2023-01-07 18:17:39,10.51,27.0,ISTC,Yes
148906350,2023-01-07 18:18:09,10.65,27.0,ISTC,Yes
148906386,2023-01-07 18:18:39,10.79,27.0,ISTC,Yes
148906419,2023-01-07 18:19:09,10.91,27.0,ISTC,Yes
148906453,2023-01-07 18:19:39,11.05,27.0,ISTC,Yes
148906486,2023-01-07 18:20:09,11.18,27.0,ISTC,Yes
148906522,2023-01-07 18:20:39,11.32,27.0,ISTC,Yes
148906555,2023-01-07 18:21:09,11.45,27.0,ISTC,Yes
148906589,2023-01-07 18:21:39,11.58,26.7,ISTC,Yes
148906622,2023-01-07 18:22:09,11.72,27.0,ISTC,Yes
148906657,2023-01-07 18:22:39,11.86,26.7,ISTC,Yes
148906690,2023-01-07 18:23:09,12.0,26.7,ISTC,Yes
148906725,2023-01-07 18:23:39,12.14,26.7,ISTC,Yes
148906759,2023-01-07 18:24:09,12.29,26.7,ISTC,Yes
148906794,2023-01-07 18:24:39,12.43,26.7,ISTC,Yes
148906827,2023-01-07 18:25:09,12.58,26.7,ISTC,Yes
148906862,2023-01-07 18:25:39,12.72,26.7,ISTC,Yes
148906895,2023-01-07 18:26:09,12.86,26.7,ISTC,Yes
148906931,2023-01-07 18:26:39,13.0,26.7,ISTC,Yes
148906964,2023-01-07 18:27:09,13.14,26.7,ISTC,Yes
148906998,2023-01-07 18:27:39,13.29,26.4,ISTC,Yes
148907031,2023-01-07 18:28:09,13.42,26.7,ISTC,Yes
148907067,2023-01-07 18:28:39,13.56,26.7,ISTC,Yes
148907101,2023-01-07 18:29:09,13.7,26.7,ISTC,Yes
148907135,2023-01-07 18:29:39,13.84,26.7,ISTC,Yes
148907169,2023-01-07 18:30:09,13.98,26.7,ISTC,Yes
148907204,2023-01-07 18:30:39,14.12,26.7,ISTC,Yes
148907236,2023-01-07 18:31:09,14.26,26.4,ISTC,Yes
148907271,2023-01-07 18:31:39,14.4,26.4,ISTC,Yes
148907304,2023-01-07 18:32:09,14.54,26.4,ISTC,Yes
148907339,2023-01-07 18:32:39,14.64,26.4,ISTC,Yes
148907372,2023-01-07 18:33:09,14.81,26.4,ISTC,Yes
148907407,2023-01-07 18:33:39,14.92,26.4,ISTC,Yes
148907441,2023-01-07 18:34:09,15.04,26.4,ISTC,Yes
148907476,2023-01-07 18:34:39,15.21,26.4,ISTC,Yes
148907509,2023-01-07 18:35:09,15.3,26.4,ISTC,Yes
148907544,2023-01-07 18:35:39,15.45,26.4,ISTC,Yes
148907575,2023-01-07 18:36:09,15.53,26.4,ISTC,Yes
148907611,2023-01-07 18:36:39,15.65,26.4,ISTC,Yes
148907643,2023-01-07 18:37:09,15.83,26.4,ISTC,Yes
148907678,2023-01-07 18:37:39,15.93,26.4,ISTC,Yes
148907712,2023-01-07 18:38:09,15.99,26.4,ISTC,Yes
148907747,2023-01-07 18:38:39,16.14,26.4,ISTC,Yes
148907779,2023-01-07 18:39:09,16.26,26.1,ISTC,Yes
148907813,2023-01-07 18:39:39,16.35,26.1,ISTC,Yes
148907848,2023-01-07 18:40:09,16.47,26.1,ISTC,Yes
148907883,2023-01-07 18:40:39,16.54,26.1,ISTC,Yes
148907916,2023-01-07 18:41:09,16.66,26.1,ISTC,Yes
148907950,2023-01-07 18:41:39,16.75,26.1,ISTC,Yes
148907983,2023-01-07 18:42:09,16.84,26.1,ISTC,Yes
148908018,2023-01-07 18:42:39,16.93,26.1,ISTC,Yes
148908052,2023-01-07 18:43:09,17.06,26.1,ISTC,Yes
148908086,2023-01-07 18:43:39,17.14,26.1,ISTC,Yes
148908118,2023-01-07 18:44:09,17.23,26.1,ISTC,Yes
148908153,2023-01-07 18:44:39,17.32,26.1,ISTC,Yes
148908187,2023-01-07 18:45:09,17.41,26.1,ISTC,Yes
148908221,2023-01-07 18:45:39,17.49,26.1,ISTC,Yes
148908254,2023-01-07 18:46:09,17.57,26.1,ISTC,Yes
148908290,2023-01-07 18:46:39,17.66,26.1,ISTC,Yes
148908323,2023-01-07 18:47:09,17.74,26.1,ISTC,Yes
148908357,2023-01-07 18:47:39,17.82,26.1,ISTC,Yes
148908391,2023-01-07 18:48:09,17.88,26.1,ISTC,Yes
148908426,2023-01-07 18:48:39,17.96,26.1,ISTC,Yes
148908458,2023-01-07 18:49:09,18.02,25.7,ISTC,Yes
148908493,2023-01-07 18:49:39,18.08,26.1,ISTC,Yes
148908526,2023-01-07 18:50:09,18.13,25.7,ISTC,Yes
148908562,2023-01-07 18:50:39,18.19,25.7,ISTC,Yes
148908596,2023-01-07 18:51:09,18.25,25.7,ISTC,Yes
148908630,2023-01-07 18:51:39,18.29,25.7,ISTC,Yes
148908663,2023-01-07 18:52:09,18.34,25.7,ISTC,Yes
148908698,2023-01-07 18:52:39,18.38,25.7,ISTC,Yes
148908732,2023-01-07 18:53:09,18.43,25.7,ISTC,Yes
148908766,2023-01-07 18:53:39,18.46,25.7,ISTC,Yes
148908798,2023-01-07 18:54:09,18.5,25.7,ISTC,Yes
148908833,2023-01-07 18:54:39,18.53,25.7,ISTC,Yes
148908868,2023-01-07 18:55:09,18.57,25.7,ISTC,Yes
148908902,2023-01-07 18:55:39,18.59,25.7,ISTC,Yes
148908934,2023-01-07 18:56:09,18.61,25.7,ISTC,Yes
148908970,2023-01-07 18:56:39,18.64,25.7,ISTC,Yes
148909002,2023-01-07 18:57:09,18.66,25.7,ISTC,Yes
148909036,2023-01-07 18:57:39,18.67,25.7,ISTC,Yes
148909068,2023-01-07 18:58:09,18.69,25.7,ISTC,Yes
148909103,2023-01-07 18:58:39,18.71,25.7,ISTC,Yes
148909135,2023-01-07 18:59:09,18.71,25.7,ISTC,Yes
148909168,2023-01-07 18:59:39,18.74,25.7,ISTC,Yes
148909201,2023-01-07 19:00:09,18.76,25.7,ISTC,Yes
148909235,2023-01-07 19:00:39,18.74,25.7,ISTC,Yes
148909268,2023-01-07 19:01:09,18.74,25.7,ISTC,Yes
148909302,2023-01-07 19:01:39,18.75,25.4,ISTC,Yes
148909333,2023-01-07 19:02:09,18.75,25.4,ISTC,Yes
148909369,2023-01-07 19:02:39,18.75,25.4,ISTC,Yes
148909403,2023-01-07 19:03:09,18.74,25.4,ISTC,Yes
148909436,2023-01-07 19:03:39,18.74,25.4,ISTC,Yes
148909468,2023-01-07 19:04:09,18.74,25.4,ISTC,Yes
148909502,2023-01-07 19:04:39,18.75,25.4,ISTC,Yes
148909535,2023-01-07 19:05:09,18.74,25.4,ISTC,Yes
148909569,2023-01-07 19:05:39,18.73,25.4,ISTC,Yes
148909601,2023-01-07 19:06:09,18.71,25.4,ISTC,Yes
148909635,2023-01-07 19:06:39,18.72,25.4,ISTC,Yes
148909665,2023-01-07 19:07:09,18.71,25.4,ISTC,Yes
148909699,2023-01-07 19:07:39,18.71,25.4,ISTC,Yes
148909731,2023-01-07 19:08:09,18.7,25.4,ISTC,Yes
148909764,2023-01-07 19:08:39,18.68,25.4,ISTC,Yes
148909796,2023-01-07 19:09:09,18.69,25.4,ISTC,Yes
148909828,2023-01-07 19:09:39,18.69,25.4,ISTC,Yes
148909859,2023-01-07 19:10:09,18.71,25.4,ISTC,Yes
148909893,2023-01-07 19:10:39,18.71,25.4,ISTC,Yes
148909925,2023-01-07 19:11:09,18.71,25.4,ISTC,Yes
148909959,2023-01-07 19:11:39,18.7,25.4,ISTC,Yes
148909989,2023-01-07 19:12:09,18.71,25.4,ISTC,Yes
148910024,2023-01-07 19:12:39,18.73,25.4,ISTC,Yes
148910055,2023-01-07 19:13:09,18.73,25.4,ISTC,Yes
148910088,2023-01-07 19:13:39,18.74,25.1,ISTC,Yes
148910118,2023-01-07 19:14:09,18.74,25.4,ISTC,Yes
148910151,2023-01-07 19:14:39,18.73,25.1,ISTC,Yes
148910185,2023-01-07 19:15:09,18.73,25.1,ISTC,Yes
148910217,2023-01-07 19:15:39,18.73,25.1,ISTC,Yes
148910248,2023-01-07 19:16:09,18.71,25.1,ISTC,Yes
148910281,2023-01-07 19:16:39,18.71,25.1,ISTC,Yes
148910313,2023-01-07 19:17:09,18.7,25.1,ISTC,Yes
148910346,2023-01-07 19:17:39,18.69,25.1,ISTC,Yes
148910379,2023-01-07 19:18:09,18.69,25.1,ISTC,Yes
148910414,2023-01-07 19:18:39,18.67,25.1,ISTC,Yes
148910445,2023-01-07 19:19:09,18.67,25.1,ISTC,Yes
148910479,2023-01-07 19:19:39,18.66,25.1,ISTC,Yes
148910512,2023-01-07 19:20:09,18.64,25.1,ISTC,Yes
148910546,2023-01-07 19:20:39,18.64,25.1,ISTC,Yes
148910577,2023-01-07 19:21:09,18.61,25.1,ISTC,Yes
148910611,2023-01-07 19:21:39,18.59,25.1,ISTC,Yes
148910644,2023-01-07 19:22:09,18.58,25.1,ISTC,Yes
148910679,2023-01-07 19:22:39,18.56,25.1,ISTC,Yes
148910711,2023-01-07 19:23:09,18.57,25.1,ISTC,Yes
148910745,2023-01-07 19:23:39,18.56,25.1,ISTC,Yes
148910777,2023-01-07 19:24:09,18.55,25.1,ISTC,Yes
148910811,2023-01-07 19:24:39,18.56,25.1,ISTC,Yes
148910844,2023-01-07 19:25:09,18.57,25.1,ISTC,Yes
148910879,2023-01-07 19:25:39,18.56,25.1,ISTC,Yes
148910911,2023-01-07 19:26:09,18.58,25.1,ISTC,Yes
148910945,2023-01-07 19:26:39,18.58,25.1,ISTC,Yes
148910977,2023-01-07 19:27:09,18.59,25.1,ISTC,Yes
148911011,2023-01-07 19:27:39,18.62,25.1,ISTC,Yes
148911043,2023-01-07 19:28:09,18.64,24.8,ISTC,Yes
148911078,2023-01-07 19:28:39,18.64,24.8,ISTC,Yes
148911111,2023-01-07 19:29:09,18.64,24.8,ISTC,Yes
148911144,2023-01-07 19:29:39,18.64,24.8,ISTC,Yes
148911178,2023-01-07 19:30:09,18.65,24.8,ISTC,Yes
148911212,2023-01-07 19:30:39,18.64,24.8,ISTC,Yes
148911244,2023-01-07 19:31:09,18.65,24.8,ISTC,Yes
148911277,2023-01-07 19:31:39,18.64,24.8,ISTC,Yes
148911308,2023-01-07 19:32:09,18.64,24.8,ISTC,Yes
148911345,2023-01-07 19:32:39,18.64,24.8,ISTC,Yes
148911378,2023-01-07 19:33:09,18.63,24.8,ISTC,Yes
148911411,2023-01-07 19:33:39,18.63,24.8,ISTC,Yes
148911443,2023-01-07 19:34:09,18.62,24.8,ISTC,Yes
148911477,2023-01-07 19:34:39,18.61,24.8,ISTC,Yes
148911511,2023-01-07 19:35:09,18.59,24.8,ISTC,Yes
148911544,2023-01-07 19:35:39,18.58,24.8,ISTC,Yes
148911577,2023-01-07 19:36:09,18.58,24.8,ISTC,Yes
148911611,2023-01-07 19:36:39,18.55,24.8,ISTC,Yes
148911642,2023-01-07 19:37:09,18.52,24.8,ISTC,Yes
148911676,2023-01-07 19:37:39,18.53,24.8,ISTC,Yes
148911709,2023-01-07 19:38:09,18.55,24.8,ISTC,Yes
148911743,2023-01-07 19:38:39,18.56,24.8,ISTC,Yes
148911775,2023-01-07 19:39:09,18.56,24.8,ISTC,Yes
148911809,2023-01-07 19:39:39,18.55,24.8,ISTC,Yes
148911842,2023-01-07 19:40:09,18.53,24.8,ISTC,Yes
148911876,2023-01-07 19:40:39,18.52,24.8,ISTC,Yes
148911908,2023-01-07 19:41:09,18.51,24.8,ISTC,Yes
148911941,2023-01-07 19:41:39,18.5,24.8,ISTC,Yes
148911972,2023-01-07 19:42:09,18.49,24.8,ISTC,Yes
148912007,2023-01-07 19:42:39,18.51,24.8,ISTC,Yes
148912041,2023-01-07 19:43:09,18.53,24.8,ISTC,Yes
148912073,2023-01-07 19:43:39,18.5,24.8,ISTC,Yes
148912104,2023-01-07 19:44:09,18.49,24.8,ISTC,Yes
148912138,2023-01-07 19:44:39,18.49,24.8,ISTC,Yes
148912170,2023-01-07 19:45:09,18.5,24.4,ISTC,Yes
148912202,2023-01-07 19:45:39,18.51,24.4,ISTC,Yes
148912233,2023-01-07 19:46:09,18.5,24.4,ISTC,Yes
148912266,2023-01-07 19:46:39,18.5,24.4,ISTC,Yes
148912298,2023-01-07 19:47:09,18.51,24.4,ISTC,Yes
148912330,2023-01-07 19:47:39,18.52,24.4,ISTC,Yes
148912362,2023-01-07 19:48:09,18.5,24.4,ISTC,Yes
148912395,2023-01-07 19:48:39,18.46,24.4,ISTC,Yes
148912427,2023-01-07 19:49:09,18.47,24.4,ISTC,Yes
148912461,2023-01-07 19:49:39,18.52,24.4,ISTC,Yes
148912492,2023-01-07 19:50:09,18.5,24.4,ISTC,Yes
148912527,2023-01-07 19:50:39,18.46,24.4,ISTC,Yes
148912559,2023-01-07 19:51:09,18.51,24.4,ISTC,Yes
148912592,2023-01-07 19:51:39,18.54,24.4,ISTC,Yes
148912624,2023-01-07 19:52:09,18.51,24.4,ISTC,Yes
148912658,2023-01-07 19:52:39,18.53,24.4,ISTC,Yes
148912691,2023-01-07 19:53:09,18.53,24.4,ISTC,Yes
148912723,2023-01-07 19:53:39,18.51,24.4,ISTC,Yes
148912754,2023-01-07 19:54:09,18.55,24.4,ISTC,Yes
148912788,2023-01-07 19:54:39,18.53,24.4,ISTC,Yes
148912820,2023-01-07 19:55:09,18.53,24.4,ISTC,Yes
148912852,2023-01-07 19:55:39,18.52,24.4,ISTC,Yes
148912883,2023-01-07 19:56:09,18.52,24.4,ISTC,Yes
148912917,2023-01-07 19:56:39,18.5,24.4,ISTC,Yes
148912950,2023-01-07 19:57:09,18.51,24.4,ISTC,Yes
148912983,2023-01-07 19:57:39,18.51,24.4,ISTC,Yes
148913017,2023-01-07 19:58:09,18.49,24.4,ISTC,Yes
148913051,2023-01-07 19:58:39,18.45,24.4,ISTC,Yes
148913084,2023-01-07 19:59:09,18.43,24.4,ISTC,Yes
148913118,2023-01-07 19:59:39,18.41,24.4,ISTC,Yes
148913151,2023-01-07 20:00:09,18.38,24.4,ISTC,Yes
148913185,2023-01-07 20:00:39,18.35,24.4,ISTC,Yes
148913217,2023-01-07 20:01:09,18.34,24.4,ISTC,Yes
148913252,2023-01-07 20:01:39,18.34,24.4,ISTC,Yes
148913285,2023-01-07 20:02:09,18.33,24.1,ISTC,Yes
148913320,2023-01-07 20:02:39,18.33,24.4,ISTC,Yes
148913353,2023-01-07 20:03:09,18.33,24.4,ISTC,Yes
148913386,2023-01-07 20:03:39,18.33,24.4,ISTC,Yes
148913421,2023-01-07 20:04:09,18.32,24.4,ISTC,Yes
148913455,2023-01-07 20:04:39,18.33,24.1,ISTC,Yes
148913488,2023-01-07 20:05:09,18.43,24.4,ISTC,Yes
148913521,2023-01-07 20:05:39,18.43,24.1,ISTC,Yes
148913554,2023-01-07 20:06:09,18.41,24.1,ISTC,Yes
148913589,2023-01-07 20:06:39,18.39,24.1,ISTC,Yes
148913621,2023-01-07 20:07:09,18.38,24.1,ISTC,Yes
148913655,2023-01-07 20:07:39,18.36,24.1,ISTC,Yes
148913689,2023-01-07 20:08:09,18.33,24.1,ISTC,Yes
148913723,2023-01-07 20:08:39,18.32,24.1,ISTC,Yes
148913755,2023-01-07 20:09:09,18.31,24.1,ISTC,Yes
148913789,2023-01-07 20:09:39,18.31,24.1,ISTC,Yes
148913822,2023-01-07 20:10:09,18.31,24.1,ISTC,Yes
148913856,2023-01-07 20:10:39,18.29,24.1,ISTC,Yes
148913888,2023-01-07 20:11:09,18.31,24.1,ISTC,Yes
148913922,2023-01-07 20:11:39,18.32,24.1,ISTC,Yes
148913954,2023-01-07 20:12:09,18.38,24.1,ISTC,Yes
148913989,2023-01-07 20:12:39,18.4,24.1,ISTC,Yes
148914024,2023-01-07 20:13:09,18.43,24.1,ISTC,Yes
148914057,2023-01-07 20:13:39,18.43,24.1,ISTC,Yes
148914089,2023-01-07 20:14:09,18.43,24.1,ISTC,Yes
148914124,2023-01-07 20:14:39,18.46,24.1,ISTC,Yes
148914157,2023-01-07 20:15:09,18.46,24.1,ISTC,Yes
148914190,2023-01-07 20:15:39,18.46,24.1,ISTC,Yes
148914223,2023-01-07 20:16:09,18.45,24.1,ISTC,Yes
148914257,2023-01-07 20:16:39,18.43,24.1,ISTC,Yes
148914290,2023-01-07 20:17:09,18.42,24.1,ISTC,Yes
148914323,2023-01-07 20:17:39,18.43,24.1,ISTC,Yes
148914356,2023-01-07 20:18:09,18.43,24.1,ISTC,Yes
148914391,2023-01-07 20:18:39,18.4,24.1,ISTC,Yes
148914424,2023-01-07 20:19:09,18.36,24.1,ISTC,Yes
148914457,2023-01-07 20:19:39,18.32,24.1,ISTC,Yes
148914490,2023-01-07 20:20:09,18.32,24.1,ISTC,Yes
148914524,2023-01-07 20:20:39,18.31,24.1,ISTC,Yes
148914556,2023-01-07 20:21:09,18.27,24.1,ISTC,Yes
148914590,2023-01-07 20:21:39,18.29,24.1,ISTC,Yes
148914623,2023-01-07 20:22:09,18.31,24.1,ISTC,Yes
148914657,2023-01-07 20:22:39,18.31,24.1,ISTC,Yes
148914691,2023-01-07 20:23:09,18.32,24.1,ISTC,Yes
148914724,2023-01-07 20:23:39,18.31,24.1,ISTC,Yes
148914757,2023-01-07 20:24:09,18.31,24.1,ISTC,Yes
148914791,2023-01-07 20:24:39,18.29,24.1,ISTC,Yes
148914824,2023-01-07 20:25:09,18.29,23.8,ISTC,Yes
148914857,2023-01-07 20:25:39,18.28,23.8,ISTC,Yes
148914890,2023-01-07 20:26:09,18.27,23.8,ISTC,Yes
148914924,2023-01-07 20:26:39,18.28,23.8,ISTC,Yes
148914957,2023-01-07 20:27:09,18.29,23.8,ISTC,Yes
148914990,2023-01-07 20:27:39,18.29,23.8,ISTC,Yes
148915025,2023-01-07 20:28:09,18.3,23.8,ISTC,Yes
148915059,2023-01-07 20:28:39,18.3,23.8,ISTC,Yes
148915092,2023-01-07 20:29:09,18.34,23.8,ISTC,Yes
148915125,2023-01-07 20:29:39,18.31,23.8,ISTC,Yes
148915157,2023-01-07 20:30:09,18.33,23.8,ISTC,Yes
148915191,2023-01-07 20:30:39,18.31,23.8,ISTC,Yes
148915225,2023-01-07 20:31:09,18.33,23.8,ISTC,Yes
148915258,2023-01-07 20:31:39,18.33,23.8,ISTC,Yes
148915290,2023-01-07 20:32:09,18.31,23.8,ISTC,Yes
148915325,2023-01-07 20:32:39,18.3,23.8,ISTC,Yes
148915360,2023-01-07 20:33:09,18.31,23.8,ISTC,Yes
148915393,2023-01-07 20:33:39,18.27,23.8,ISTC,Yes
148915426,2023-01-07 20:34:09,18.23,23.8,ISTC,Yes
148915460,2023-01-07 20:34:39,18.21,23.8,ISTC,Yes
148915493,2023-01-07 20:35:09,18.18,23.8,ISTC,Yes
148915526,2023-01-07 20:35:39,18.17,23.8,ISTC,Yes
148915559,2023-01-07 20:36:09,18.17,23.8,ISTC,Yes
148915593,2023-01-07 20:36:39,18.15,23.8,ISTC,Yes
148915626,2023-01-07 20:37:09,18.13,23.8,ISTC,Yes
148915659,2023-01-07 20:37:39,18.13,23.8,ISTC,Yes
148915693,2023-01-07 20:38:09,18.12,23.8,ISTC,Yes
148915727,2023-01-07 20:38:39,18.1,23.8,ISTC,Yes
148915759,2023-01-07 20:39:09,18.07,23.8,ISTC,Yes
148915792,2023-01-07 20:39:39,18.04,23.8,ISTC,Yes
148915826,2023-01-07 20:40:09,18.03,23.8,ISTC,Yes
148915860,2023-01-07 20:40:39,18.02,23.8,ISTC,Yes
148915892,2023-01-07 20:41:09,18.03,23.8,ISTC,Yes
148915925,2023-01-07 20:41:39,18.03,23.8,ISTC,Yes
148915958,2023-01-07 20:42:09,18.03,23.8,ISTC,Yes
148915993,2023-01-07 20:42:39,18.06,23.8,ISTC,Yes
148916025,2023-01-07 20:43:09,18.1,23.8,ISTC,Yes
148916058,2023-01-07 20:43:39,18.13,23.8,ISTC,Yes
148916089,2023-01-07 20:44:09,18.16,23.8,ISTC,Yes
148916123,2023-01-07 20:44:39,18.17,23.8,ISTC,Yes
148916156,2023-01-07 20:45:09,18.18,23.8,ISTC,Yes
148916188,2023-01-07 20:45:39,18.18,23.8,ISTC,Yes
148916219,2023-01-07 20:46:09,18.19,23.8,ISTC,Yes
148916253,2023-01-07 20:46:39,18.19,23.8,ISTC,Yes
148916285,2023-01-07 20:47:09,18.17,23.8,ISTC,Yes
148916318,2023-01-07 20:47:39,18.16,23.8,ISTC,Yes
148916350,2023-01-07 20:48:09,18.17,23.5,ISTC,Yes
148916384,2023-01-07 20:48:39,18.17,23.5,ISTC,Yes
148916414,2023-01-07 20:49:09,18.17,23.5,ISTC,Yes
148916447,2023-01-07 20:49:39,18.16,23.5,ISTC,Yes
148916479,2023-01-07 20:50:09,18.17,23.5,ISTC,Yes
148916513,2023-01-07 20:50:39,18.16,23.5,ISTC,Yes
148916545,2023-01-07 20:51:09,18.15,23.5,ISTC,Yes
148916577,2023-01-07 20:51:39,18.14,23.5,ISTC,Yes
148916609,2023-01-07 20:52:09,18.14,23.5,ISTC,Yes
148916642,2023-01-07 20:52:39,18.14,23.5,ISTC,Yes
148916674,2023-01-07 20:53:09,18.13,23.5,ISTC,Yes
148916707,2023-01-07 20:53:39,18.14,23.5,ISTC,Yes
148916739,2023-01-07 20:54:09,18.13,23.5,ISTC,Yes
148916772,2023-01-07 20:54:39,18.12,23.5,ISTC,Yes
148916803,2023-01-07 20:55:09,18.1,23.5,ISTC,Yes
148916836,2023-01-07 20:55:39,18.09,23.5,ISTC,Yes
148916867,2023-01-07 20:56:09,18.08,23.5,ISTC,Yes
148916901,2023-01-07 20:56:39,18.11,23.5,ISTC,Yes
148916932,2023-01-07 20:57:09,18.13,23.5,ISTC,Yes
148916965,2023-01-07 20:57:39,18.12,23.5,ISTC,Yes
148916997,2023-01-07 20:58:09,18.09,23.5,ISTC,Yes
148917031,2023-01-07 20:58:39,18.1,23.5,ISTC,Yes
148917062,2023-01-07 20:59:09,18.09,23.5,ISTC,Yes
148917095,2023-01-07 20:59:39,18.09,23.5,ISTC,Yes
148917126,2023-01-07 21:00:09,18.1,23.5,ISTC,Yes
148917159,2023-01-07 21:00:39,18.11,23.5,ISTC,Yes
148917190,2023-01-07 21:01:09,18.09,23.5,ISTC,Yes
148917223,2023-01-07 21:01:39,18.08,23.5,ISTC,Yes
148917254,2023-01-07 21:02:09,18.06,23.5,ISTC,Yes
148917288,2023-01-07 21:02:39,18.04,23.5,ISTC,Yes
148917320,2023-01-07 21:03:09,18.04,23.5,ISTC,Yes
148917354,2023-01-07 21:03:39,18.02,23.5,ISTC,Yes
148917385,2023-01-07 21:04:09,18.02,23.5,ISTC,Yes
148917419,2023-01-07 21:04:39,18.02,23.5,ISTC,Yes
148917450,2023-01-07 21:05:09,18.02,23.5,ISTC,Yes
148917483,2023-01-07 21:05:39,18.03,23.5,ISTC,Yes
148917514,2023-01-07 21:06:09,18.03,23.5,ISTC,Yes
148917548,2023-01-07 21:06:39,18.03,23.5,ISTC,Yes
148917579,2023-01-07 21:07:09,18.03,23.5,ISTC,Yes
148917612,2023-01-07 21:07:39,18.04,23.5,ISTC,Yes
148917644,2023-01-07 21:08:09,18.05,23.5,ISTC,Yes
148917678,2023-01-07 21:08:39,18.04,23.5,ISTC,Yes
148917709,2023-01-07 21:09:09,18.04,23.5,ISTC,Yes
148917742,2023-01-07 21:09:39,18.03,23.5,ISTC,Yes
148917773,2023-01-07 21:10:09,18.03,23.5,ISTC,Yes
148917807,2023-01-07 21:10:39,18.02,23.5,ISTC,Yes
148917838,2023-01-07 21:11:09,18.01,23.5,ISTC,Yes
148917871,2023-01-07 21:11:39,18.02,23.5,ISTC,Yes
148917902,2023-01-07 21:12:09,18.02,23.5,ISTC,Yes
148917935,2023-01-07 21:12:39,18.02,23.5,ISTC,Yes
148917968,2023-01-07 21:13:09,18.01,23.5,ISTC,Yes
148918002,2023-01-07 21:13:39,17.99,23.5,ISTC,Yes
148918033,2023-01-07 21:14:09,17.97,23.5,ISTC,Yes
148918067,2023-01-07 21:14:39,17.96,23.5,ISTC,Yes
148918098,2023-01-07 21:15:09,17.94,23.5,ISTC,Yes
148918131,2023-01-07 21:15:39,17.93,23.5,ISTC,Yes
148918162,2023-01-07 21:16:09,17.95,23.5,ISTC,Yes
148918196,2023-01-07 21:16:39,17.94,23.5,ISTC,Yes
148918227,2023-01-07 21:17:09,17.94,23.5,ISTC,Yes
148918260,2023-01-07 21:17:39,17.92,23.5,ISTC,Yes
148918292,2023-01-07 21:18:09,17.92,23.5,ISTC,Yes
148918327,2023-01-07 21:18:39,17.93,23.5,ISTC,Yes
148918358,2023-01-07 21:19:09,17.92,23.5,ISTC,Yes
148918391,2023-01-07 21:19:39,17.91,23.5,ISTC,Yes
148918422,2023-01-07 21:20:09,17.89,23.5,ISTC,Yes
148918455,2023-01-07 21:20:39,17.88,23.5,ISTC,Yes
148918488,2023-01-07 21:21:09,17.88,23.5,ISTC,Yes
148918520,2023-01-07 21:21:39,17.88,23.5,ISTC,Yes
148918551,2023-01-07 21:22:09,17.89,23.5,ISTC,Yes
148918584,2023-01-07 21:22:39,17.91,23.5,ISTC,Yes
148918616,2023-01-07 21:23:09,17.91,23.2,ISTC,Yes
148918648,2023-01-07 21:23:39,17.92,23.2,ISTC,Yes
148918680,2023-01-07 21:24:09,17.9,23.5,ISTC,Yes
148918713,2023-01-07 21:24:39,17.91,23.2,ISTC,Yes
148918744,2023-01-07 21:25:09,17.91,23.2,ISTC,Yes
148918776,2023-01-07 21:25:39,17.92,23.2,ISTC,Yes
148918808,2023-01-07 21:26:09,17.92,23.2,ISTC,Yes
148918841,2023-01-07 21:26:39,17.91,23.2,ISTC,Yes
148918872,2023-01-07 21:27:09,17.92,23.2,ISTC,Yes
148918904,2023-01-07 21:27:39,17.94,23.2,ISTC,Yes
148918936,2023-01-07 21:28:09,17.93,23.2,ISTC,Yes
148918970,2023-01-07 21:28:39,17.91,23.2,ISTC,Yes
148919001,2023-01-07 21:29:09,17.92,23.2,ISTC,Yes
148919033,2023-01-07 21:29:39,17.92,23.2,ISTC,Yes
148919064,2023-01-07 21:30:09,17.89,23.2,ISTC,Yes
148919097,2023-01-07 21:30:39,17.89,23.2,ISTC,Yes
148919128,2023-01-07 21:31:09,17.86,23.2,ISTC,Yes
148919160,2023-01-07 21:31:39,17.86,23.2,ISTC,Yes
148919191,2023-01-07 21:32:09,17.84,23.2,ISTC,Yes
148919224,2023-01-07 21:32:39,17.82,23.2,ISTC,Yes
148919256,2023-01-07 21:33:09,17.82,23.2,ISTC,Yes
148919287,2023-01-07 21:33:39,17.8,23.2,ISTC,Yes
148919319,2023-01-07 21:34:09,17.79,23.2,ISTC,Yes
148919352,2023-01-07 21:34:39,17.77,23.2,ISTC,Yes
148919383,2023-01-07 21:35:09,17.75,23.2,ISTC,Yes
148919416,2023-01-07 21:35:39,17.75,23.2,ISTC,Yes
148919447,2023-01-07 21:36:09,17.75,23.2,ISTC,Yes
148919480,2023-01-07 21:36:39,17.74,23.2,ISTC,Yes
148919511,2023-01-07 21:37:09,17.71,23.2,ISTC,Yes
148919542,2023-01-07 21:37:39,17.7,23.2,ISTC,Yes
148919574,2023-01-07 21:38:09,17.68,23.2,ISTC,Yes
148919607,2023-01-07 21:38:39,17.68,23.2,ISTC,Yes
148919638,2023-01-07 21:39:09,17.66,23.2,ISTC,Yes
148919671,2023-01-07 21:39:39,17.66,23.2,ISTC,Yes
148919702,2023-01-07 21:40:09,17.69,23.2,ISTC,Yes
148919734,2023-01-07 21:40:39,17.68,23.2,ISTC,Yes
148919765,2023-01-07 21:41:09,17.68,23.2,ISTC,Yes
148919796,2023-01-07 21:41:39,17.66,23.2,ISTC,Yes
148919826,2023-01-07 21:42:09,17.64,23.2,ISTC,Yes
148919858,2023-01-07 21:42:39,17.64,23.2,ISTC,Yes
148919890,2023-01-07 21:43:09,17.64,23.2,ISTC,Yes
148919921,2023-01-07 21:43:39,17.65,23.2,ISTC,Yes
148919951,2023-01-07 21:44:09,17.64,23.2,ISTC,Yes
148919985,2023-01-07 21:44:39,17.64,23.2,ISTC,Yes
148920015,2023-01-07 21:45:09,17.64,23.2,ISTC,Yes
148920047,2023-01-07 21:45:39,17.64,23.2,ISTC,Yes
148920077,2023-01-07 21:46:09,17.64,23.2,ISTC,Yes
148920109,2023-01-07 21:46:39,17.65,23.2,ISTC,Yes
148920139,2023-01-07 21:47:09,17.64,23.2,ISTC,Yes
148920170,2023-01-07 21:47:39,17.64,23.2,ISTC,Yes
148920202,2023-01-07 21:48:09,17.64,23.2,ISTC,Yes
148920234,2023-01-07 21:48:39,17.64,23.2,ISTC,Yes
148920264,2023-01-07 21:49:09,17.62,23.2,ISTC,Yes
148920296,2023-01-07 21:49:39,17.62,23.2,ISTC,Yes
148920327,2023-01-07 21:50:09,17.62,23.2,ISTC,Yes
148920359,2023-01-07 21:50:39,17.6,23.2,ISTC,Yes
148920389,2023-01-07 21:51:09,17.61,23.2,ISTC,Yes
148920420,2023-01-07 21:51:39,17.59,23.2,ISTC,Yes
148920450,2023-01-07 21:52:09,17.58,23.2,ISTC,Yes
148920482,2023-01-07 21:52:39,17.57,23.2,ISTC,Yes
148920513,2023-01-07 21:53:09,17.57,23.2,ISTC,Yes
148920544,2023-01-07 21:53:39,17.57,23.2,ISTC,Yes
148920574,2023-01-07 21:54:09,17.57,23.2,ISTC,Yes
148920608,2023-01-07 21:54:39,17.55,23.2,ISTC,Yes
148920638,2023-01-07 21:55:09,17.55,23.2,ISTC,Yes
148920669,2023-01-07 21:55:39,17.55,23.2,ISTC,Yes
148920699,2023-01-07 21:56:09,17.55,23.2,ISTC,Yes
148920731,2023-01-07 21:56:39,17.53,23.2,ISTC,Yes
148920762,2023-01-07 21:57:09,17.5,23.2,ISTC,Yes
148920794,2023-01-07 21:57:39,17.49,22.8,ISTC,Yes
148920825,2023-01-07 21:58:09,17.51,22.8,ISTC,Yes
148920857,2023-01-07 21:58:39,17.51,22.8,ISTC,Yes
148920887,2023-01-07 21:59:09,17.5,22.8,ISTC,Yes
148920919,2023-01-07 21:59:39,17.49,22.8,ISTC,Yes
148920950,2023-01-07 22:00:09,17.48,22.8,ISTC,Yes
148920982,2023-01-07 22:00:39,17.46,22.8,ISTC,Yes
148921012,2023-01-07 22:01:09,17.46,22.8,ISTC,Yes
148921043,2023-01-07 22:01:39,17.45,22.8,ISTC,Yes
148921073,2023-01-07 22:02:09,17.43,22.8,ISTC,Yes
148921105,2023-01-07 22:02:39,17.43,22.8,ISTC,Yes
148921136,2023-01-07 22:03:09,17.41,22.8,ISTC,Yes
148921167,2023-01-07 22:03:39,17.43,22.8,ISTC,Yes
148921198,2023-01-07 22:04:09,17.41,22.8,ISTC,Yes
148921231,2023-01-07 22:04:39,17.4,22.8,ISTC,Yes
148921261,2023-01-07 22:05:09,17.41,22.8,ISTC,Yes
148921293,2023-01-07 22:05:39,17.4,22.8,ISTC,Yes
148921323,2023-01-07 22:06:09,17.38,22.8,ISTC,Yes
148921355,2023-01-07 22:06:39,17.38,22.8,ISTC,Yes
148921385,2023-01-07 22:07:09,17.38,22.8,ISTC,Yes
148921416,2023-01-07 22:07:39,17.36,22.8,ISTC,Yes
148921447,2023-01-07 22:08:09,17.36,22.8,ISTC,Yes
148921479,2023-01-07 22:08:39,17.35,22.8,ISTC,Yes
148921509,2023-01-07 22:09:09,17.35,22.8,ISTC,Yes
148921542,2023-01-07 22:09:39,17.33,22.8,ISTC,Yes
148921572,2023-01-07 22:10:09,17.32,22.8,ISTC,Yes
148921604,2023-01-07 22:10:39,17.32,22.8,ISTC,Yes
148921633,2023-01-07 22:11:09,17.32,22.8,ISTC,Yes
148921665,2023-01-07 22:11:39,17.3,22.8,ISTC,Yes
148921695,2023-01-07 22:12:09,17.3,22.8,ISTC,Yes
148921728,2023-01-07 22:12:39,17.29,22.8,ISTC,Yes
148921759,2023-01-07 22:13:09,17.27,22.8,ISTC,Yes
148921790,2023-01-07 22:13:39,17.26,22.8,ISTC,Yes
148921820,2023-01-07 22:14:09,17.26,22.8,ISTC,Yes
148921853,2023-01-07 22:14:39,17.26,22.8,ISTC,Yes
148921883,2023-01-07 22:15:09,17.26,22.8,ISTC,Yes
148921914,2023-01-07 22:15:39,17.24,22.8,ISTC,Yes
148921944,2023-01-07 22:16:09,17.23,22.8,ISTC,Yes
148921977,2023-01-07 22:16:39,17.21,22.8,ISTC,Yes
148922007,2023-01-07 22:17:09,17.21,22.8,ISTC,Yes
148922038,2023-01-07 22:17:39,17.2,22.8,ISTC,Yes
148922069,2023-01-07 22:18:09,17.18,22.8,ISTC,Yes
148922102,2023-01-07 22:18:39,17.18,22.8,ISTC,Yes
148922134,2023-01-07 22:19:09,17.18,22.8,ISTC,Yes
148922168,2023-01-07 22:19:39,17.17,22.8,ISTC,Yes
148922199,2023-01-07 22:20:09,17.15,22.8,ISTC,Yes
148922232,2023-01-07 22:20:39,17.14,22.8,ISTC,Yes
148922263,2023-01-07 22:21:09,17.14,22.8,ISTC,Yes
148922295,2023-01-07 22:21:39,17.12,22.8,ISTC,Yes
148922326,2023-01-07 22:22:09,17.13,22.8,ISTC,Yes
148922359,2023-01-07 22:22:39,17.11,22.8,ISTC,Yes
148922391,2023-01-07 22:23:09,17.1,22.8,ISTC,Yes
148922423,2023-01-07 22:23:39,17.09,22.8,ISTC,Yes
148922454,2023-01-07 22:24:09,17.07,22.8,ISTC,Yes
148922488,2023-01-07 22:24:39,17.07,22.8,ISTC,Yes
148922520,2023-01-07 22:25:09,17.07,22.8,ISTC,Yes
148922552,2023-01-07 22:25:39,17.04,22.8,ISTC,Yes
148922583,2023-01-07 22:26:09,17.04,22.8,ISTC,Yes
148922616,2023-01-07 22:26:39,17.03,22.8,ISTC,Yes
148922647,2023-01-07 22:27:09,17.03,22.8,ISTC,Yes
148922679,2023-01-07 22:27:39,17.03,22.8,ISTC,Yes
148922712,2023-01-07 22:28:09,17.01,22.8,ISTC,Yes
148922746,2023-01-07 22:28:39,17.0,22.8,ISTC,Yes
148922777,2023-01-07 22:29:09,16.97,22.8,ISTC,Yes
148922809,2023-01-07 22:29:39,16.98,22.8,ISTC,Yes
148922840,2023-01-07 22:30:09,16.97,22.8,ISTC,Yes
148922873,2023-01-07 22:30:39,16.94,22.8,ISTC,Yes
148922904,2023-01-07 22:31:09,16.94,22.8,ISTC,Yes
148922936,2023-01-07 22:31:39,16.93,22.8,ISTC,Yes
148922967,2023-01-07 22:32:09,16.93,22.8,ISTC,Yes
148923000,2023-01-07 22:32:39,16.92,22.8,ISTC,Yes
148923032,2023-01-07 22:33:09,16.89,22.8,ISTC,Yes
148923063,2023-01-07 22:33:39,16.89,22.8,ISTC,Yes
148923095,2023-01-07 22:34:09,16.88,22.8,ISTC,Yes
148923129,2023-01-07 22:34:39,16.85,22.8,ISTC,Yes
148923160,2023-01-07 22:35:09,16.85,22.8,ISTC,Yes
148923192,2023-01-07 22:35:39,16.85,22.8,ISTC,Yes
148923224,2023-01-07 22:36:09,16.87,22.8,ISTC,Yes
148923257,2023-01-07 22:36:39,16.85,22.5,ISTC,Yes
148923288,2023-01-07 22:37:09,16.85,22.8,ISTC,Yes
148923320,2023-01-07 22:37:39,16.84,22.8,ISTC,Yes
148923352,2023-01-07 22:38:09,16.84,22.8,ISTC,Yes
148923385,2023-01-07 22:38:39,16.84,22.8,ISTC,Yes
148923416,2023-01-07 22:39:09,16.84,22.5,ISTC,Yes
148923449,2023-01-07 22:39:39,16.83,22.8,ISTC,Yes
148923480,2023-01-07 22:40:09,16.83,22.5,ISTC,Yes
148923514,2023-01-07 22:40:39,16.8,22.8,ISTC,Yes
148923545,2023-01-07 22:41:09,16.76,22.8,ISTC,Yes
148923578,2023-01-07 22:41:39,16.76,22.8,ISTC,Yes
148923609,2023-01-07 22:42:09,16.79,22.8,ISTC,Yes
148923641,2023-01-07 22:42:39,16.75,22.8,ISTC,Yes
148923673,2023-01-07 22:43:09,16.75,22.8,ISTC,Yes
148923704,2023-01-07 22:43:39,16.75,22.8,ISTC,Yes
148923735,2023-01-07 22:44:09,16.74,22.8,ISTC,Yes
148923770,2023-01-07 22:44:39,16.73,22.8,ISTC,Yes
148923801,2023-01-07 22:45:09,16.71,22.8,ISTC,Yes
148923834,2023-01-07 22:45:39,16.7,22.5,ISTC,Yes
148923865,2023-01-07 22:46:09,16.7,22.8,ISTC,Yes
148923898,2023-01-07 22:46:39,16.69,22.5,ISTC,Yes
148923930,2023-01-07 22:47:09,16.66,22.5,ISTC,Yes
148923962,2023-01-07 22:47:39,16.66,22.8,ISTC,Yes
148923994,2023-01-07 22:48:09,16.65,22.5,ISTC,Yes
148924027,2023-01-07 22:48:39,16.62,22.8,ISTC,Yes
148924058,2023-01-07 22:49:09,16.6,22.5,ISTC,Yes
148924091,2023-01-07 22:49:39,16.6,22.5,ISTC,Yes
148924123,2023-01-07 22:50:09,16.6,22.5,ISTC,Yes
148924156,2023-01-07 22:50:39,16.6,22.5,ISTC,Yes
148924187,2023-01-07 22:51:09,16.56,22.5,ISTC,Yes
148924218,2023-01-07 22:51:39,16.59,22.5,ISTC,Yes
148924249,2023-01-07 22:52:09,16.59,22.5,ISTC,Yes
148924282,2023-01-07 22:52:39,16.59,22.5,ISTC,Yes
148924314,2023-01-07 22:53:09,16.54,22.5,ISTC,Yes
148924346,2023-01-07 22:53:39,16.54,22.5,ISTC,Yes
148924377,2023-01-07 22:54:09,16.54,22.5,ISTC,Yes
148924412,2023-01-07 22:54:39,16.5,22.5,ISTC,Yes
148924443,2023-01-07 22:55:09,16.5,22.5,ISTC,Yes
148924475,2023-01-07 22:55:39,16.49,22.5,ISTC,Yes
148924507,2023-01-07 22:56:09,16.49,22.5,ISTC,Yes
148924540,2023-01-07 22:56:39,16.48,22.5,ISTC,Yes
148924572,2023-01-07 22:57:09,16.44,22.5,ISTC,Yes
148924604,2023-01-07 22:57:39,16.43,22.5,ISTC,Yes
148924636,2023-01-07 22:58:09,16.47,22.5,ISTC,Yes
148924669,2023-01-07 22:58:39,16.42,22.5,ISTC,Yes
148924700,2023-01-07 22:59:09,16.42,22.5,ISTC,Yes
148924734,2023-01-07 22:59:39,16.42,22.5,ISTC,Yes
148924765,2023-01-07 23:00:09,16.41,22.5,ISTC,Yes
148924798,2023-01-07 23:00:39,16.42,22.5,ISTC,Yes
148924829,2023-01-07 23:01:09,16.41,22.5,ISTC,Yes
148924861,2023-01-07 23:01:39,16.41,22.5,ISTC,Yes
148924892,2023-01-07 23:02:09,16.37,22.5,ISTC,Yes
148924926,2023-01-07 23:02:39,16.36,22.5,ISTC,Yes
148924958,2023-01-07 23:03:09,16.36,22.5,ISTC,Yes
148924990,2023-01-07 23:03:39,16.35,22.5,ISTC,Yes
148925021,2023-01-07 23:04:09,16.35,22.5,ISTC,Yes
148925055,2023-01-07 23:04:39,16.35,22.5,ISTC,Yes
148925086,2023-01-07 23:05:09,16.34,22.5,ISTC,Yes
148925118,2023-01-07 23:05:39,16.3,22.5,ISTC,Yes
148925149,2023-01-07 23:06:09,16.3,22.5,ISTC,Yes
148925183,2023-01-07 23:06:39,16.29,22.5,ISTC,Yes
148925214,2023-01-07 23:07:09,16.29,22.5,ISTC,Yes
148925246,2023-01-07 23:07:40,16.28,22.5,ISTC,Yes
148925278,2023-01-07 23:08:09,16.28,22.5,ISTC,Yes
148925311,2023-01-07 23:08:39,16.27,22.5,ISTC,Yes
148925343,2023-01-07 23:09:09,16.27,22.5,ISTC,Yes
148925376,2023-01-07 23:09:39,16.23,22.5,ISTC,Yes
148925407,2023-01-07 23:10:09,16.22,22.5,ISTC,Yes
148925440,2023-01-07 23:10:39,16.22,22.5,ISTC,Yes
148925470,2023-01-07 23:11:09,16.22,22.5,ISTC,Yes
148925502,2023-01-07 23:11:39,16.21,22.5,ISTC,Yes
148925533,2023-01-07 23:12:09,16.21,22.5,ISTC,Yes
148925566,2023-01-07 23:12:39,16.21,22.5,ISTC,Yes
148925598,2023-01-07 23:13:10,16.2,22.5,ISTC,Yes
148925630,2023-01-07 23:13:39,16.14,22.5,ISTC,Yes
148925661,2023-01-07 23:14:09,16.14,22.5,ISTC,Yes
148925695,2023-01-07 23:14:39,16.14,22.5,ISTC,Yes
148925727,2023-01-07 23:15:09,16.14,22.5,ISTC,Yes
148925759,2023-01-07 23:15:39,16.13,22.5,ISTC,Yes
148925791,2023-01-07 23:16:09,16.08,22.5,ISTC,Yes
148925824,2023-01-07 23:16:39,16.07,22.5,ISTC,Yes
148925855,2023-01-07 23:17:09,16.07,22.5,ISTC,Yes
148925886,2023-01-07 23:17:39,16.08,22.5,ISTC,Yes
148925919,2023-01-07 23:18:09,16.06,22.5,ISTC,Yes
148925953,2023-01-07 23:18:39,16.06,22.5,ISTC,Yes
148925984,2023-01-07 23:19:09,16.09,22.5,ISTC,Yes
148926017,2023-01-07 23:19:39,16.05,22.5,ISTC,Yes
148926048,2023-01-07 23:20:09,15.99,22.5,ISTC,Yes
148926082,2023-01-07 23:20:39,16.04,22.5,ISTC,Yes
148926113,2023-01-07 23:21:09,15.99,22.5,ISTC,Yes
148926145,2023-01-07 23:21:39,15.97,22.5,ISTC,Yes
148926177,2023-01-07 23:22:09,16.02,22.5,ISTC,Yes
148926210,2023-01-07 23:22:39,16.01,22.5,ISTC,Yes
148926242,2023-01-07 23:23:09,16.01,22.5,ISTC,Yes
148926274,2023-01-07 23:23:40,15.97,22.5,ISTC,Yes
148926305,2023-01-07 23:24:10,15.99,22.5,ISTC,Yes
148926339,2023-01-07 23:24:39,15.96,22.5,ISTC,Yes
148926370,2023-01-07 23:25:09,15.95,22.5,ISTC,Yes
148926403,2023-01-07 23:25:39,15.94,22.5,ISTC,Yes
148926435,2023-01-07 23:26:09,15.95,22.5,ISTC,Yes
148926468,2023-01-07 23:26:39,15.94,22.5,ISTC,Yes
148926499,2023-01-07 23:27:09,15.89,22.5,ISTC,Yes
148926531,2023-01-07 23:27:39,15.93,22.5,ISTC,Yes
148926564,2023-01-07 23:28:09,15.89,22.5,ISTC,Yes
148926597,2023-01-07 23:28:39,15.88,22.5,ISTC,Yes
148926628,2023-01-07 23:29:09,15.87,22.5,ISTC,Yes
148926661,2023-01-07 23:29:39,15.87,22.5,ISTC,Yes
148926692,2023-01-07 23:30:09,15.87,22.5,ISTC,Yes
148926724,2023-01-07 23:30:39,15.87,22.5,ISTC,Yes
148926755,2023-01-07 23:31:09,15.86,22.5,ISTC,Yes
148926788,2023-01-07 23:31:39,15.85,22.5,ISTC,Yes
148926819,2023-01-07 23:32:09,15.84,22.5,ISTC,Yes
148926852,2023-01-07 23:32:39,15.84,22.5,ISTC,Yes
148926884,2023-01-07 23:33:09,15.83,22.5,ISTC,Yes
148926915,2023-01-07 23:33:39,15.83,22.5,ISTC,Yes
148926946,2023-01-07 23:34:09,15.77,22.5,ISTC,Yes
148926981,2023-01-07 23:34:39,15.82,22.5,ISTC,Yes
148927012,2023-01-07 23:35:09,15.81,22.5,ISTC,Yes
148927044,2023-01-07 23:35:39,15.75,22.5,ISTC,Yes
148927075,2023-01-07 23:36:09,15.75,22.5,ISTC,Yes
148927108,2023-01-07 23:36:39,15.77,22.5,ISTC,Yes
148927139,2023-01-07 23:37:09,15.73,22.5,ISTC,Yes
148927172,2023-01-07 23:37:39,15.72,22.5,ISTC,Yes
148927204,2023-01-07 23:38:09,15.71,22.5,ISTC,Yes
148927237,2023-01-07 23:38:39,15.71,22.5,ISTC,Yes
148927268,2023-01-07 23:39:09,15.69,22.5,ISTC,Yes
148927301,2023-01-07 23:39:39,15.65,22.5,ISTC,Yes
148927333,2023-01-07 23:40:09,15.64,22.5,ISTC,Yes
148927366,2023-01-07 23:40:39,15.68,22.2,ISTC,Yes
148927397,2023-01-07 23:41:09,15.64,22.2,ISTC,Yes
148927429,2023-01-07 23:41:39,15.67,22.5,ISTC,Yes
148927460,2023-01-07 23:42:09,15.67,22.5,ISTC,Yes
148927493,2023-01-07 23:42:39,15.62,22.5,ISTC,Yes
148927526,2023-01-07 23:43:09,15.61,22.5,ISTC,Yes
148927559,2023-01-07 23:43:39,15.61,22.5,ISTC,Yes
148927591,2023-01-07 23:44:09,15.6,22.5,ISTC,Yes
148927627,2023-01-07 23:44:39,15.6,22.5,ISTC,Yes
148927659,2023-01-07 23:45:09,15.55,22.5,ISTC,Yes
148927692,2023-01-07 23:45:39,15.57,22.5,ISTC,Yes
148927724,2023-01-07 23:46:09,15.57,22.5,ISTC,Yes
148927757,2023-01-07 23:46:39,15.57,22.5,ISTC,Yes
148927791,2023-01-07 23:47:09,15.51,22.2,ISTC,Yes
148927824,2023-01-07 23:47:39,15.5,22.2,ISTC,Yes
148927857,2023-01-07 23:48:09,15.5,22.2,ISTC,Yes
148927891,2023-01-07 23:48:39,15.55,22.5,ISTC,Yes
148927923,2023-01-07 23:49:09,15.5,22.5,ISTC,Yes
148927957,2023-01-07 23:49:39,15.48,22.2,ISTC,Yes
148927989,2023-01-07 23:50:09,15.47,22.2,ISTC,Yes
148928023,2023-01-07 23:50:39,15.46,22.2,ISTC,Yes
148928054,2023-01-07 23:51:09,15.45,22.5,ISTC,Yes
148928087,2023-01-07 23:51:39,15.44,22.2,ISTC,Yes
148928119,2023-01-07 23:52:09,15.45,22.2,ISTC,Yes
148928153,2023-01-07 23:52:39,15.38,22.2,ISTC,Yes
148928186,2023-01-07 23:53:09,15.43,22.2,ISTC,Yes
148928219,2023-01-07 23:53:39,15.41,22.2,ISTC,Yes
148928252,2023-01-07 23:54:09,15.4,22.2,ISTC,Yes
148928287,2023-01-07 23:54:39,15.33,22.2,ISTC,Yes
148928319,2023-01-07 23:55:09,15.32,22.2,ISTC,Yes
148928352,2023-01-07 23:55:39,15.31,22.2,ISTC,Yes
148928384,2023-01-07 23:56:09,15.3,22.2,ISTC,Yes
148928419,2023-01-07 23:56:39,15.28,22.2,ISTC,Yes
148928451,2023-01-07 23:57:09,15.27,22.2,ISTC,Yes
148928482,2023-01-07 23:57:39,15.25,22.2,ISTC,Yes
148928517,2023-01-07 23:58:09,15.2,22.2,ISTC,Yes
148928551,2023-01-07 23:58:39,15.2,22.2,ISTC,Yes
148928583,2023-01-07 23:59:09,15.18,22.2,ISTC,Yes
148928617,2023-01-07 23:59:39,15.15,22.2,ISTC,Yes
